Ціна,Поверх,Поверховість,Загальна площа,Площа кухні,Кількість кімнат,Меблювання,Ремонт,Місто,Район,Працює ліфт,Підключене резервне живлення
10000.0,2,3,28.0,15.0,1 кімната,З меблями,Житловий стан,Дніпро,Центральний (Дніпро),0,0
17000.0,16,20,52.0,12.0,1 кімната,З меблями,Євроремонт,Київ,Голосіївський (Київ),0,0
15000.0,11,12,60.0,15.0,2 кімнати,З меблями,Євроремонт,Запоріжжя,Вознесенівський (Запоріжжя),0,0
7000.0,3,5,47.5,5.0,2 кімнати,З меблями,Не вказано,Харків,Київський (Харків),0,0
7500.0,3,5,37.0,7.0,1 кімната,З меблями,Не вказано,Рівне,Невідомо,0,0
7000.0,1,9,50.0,7.0,2 кімнати,З меблями,Житловий стан,Тернопіль,Невідомо,0,0
5000.0,1,5,43.0,6.0,2 кімнати,З меблями,Косметичний ремонт,Запоріжжя,Невідомо,0,0
20000.0,9,24,43.0,16.0,1 кімната,З меблями,Євроремонт,Київ,Подільський (Київ),0,0
9500.0,8,9,65.0,7.5,3 кімнати,З меблями,Косметичний ремонт,Харків,Холодногірський (Харків),0,0
40579.0,21,30,56.0,15.0,2 кімнати,З меблями,Авторський проект,Київ,Шевченківський (Київ),1,0
26000.0,17,27,114.0,17.0,3 кімнати,З меблями,Євроремонт,Київ,Подільський (Київ),0,0
16500.0,6,10,61.0,12.0,2 кімнати,З меблями,Євроремонт,Рівне,Невідомо,0,0
2500.0,1,1,25.0,5.0,1 кімната,З меблями,Не вказано,Одеса,Пересипський (Одеса),0,0
12000.0,10,10,65.0,14.0,2 кімнати,З меблями,Євроремонт,Одеса,Пересипський (Одеса),0,0
6500.0,4,4,41.0,9.0,1 кімната,З меблями,Не вказано,Одеса,Київський (Одеса),0,0
4000.0,9,14,43.0,10.0,1 кімната,З меблями,Житловий стан,Харків,Невідомо,0,0
20000.0,16,25,52.0,15.0,2 кімнати,З меблями,Євроремонт,Київ,Шевченківський (Київ),0,0
6000.0,14,14,36.0,9.0,1 кімната,З меблями,Косметичний ремонт,Суми,Невідомо,0,0
3500.0,2,7,20.0,3.0,1 кімната,З меблями,Авторський проект,Інженерний,Невідомо,0,0
12000.0,2,5,43.0,18.0,1 кімната,З меблями,Євроремонт,Софіївська Борщагівка,Невідомо,0,0
3500.0,5,5,37.0,7.0,1 кімната,Не вказано,Не вказано,Інше,Невідомо,0,0
6500.0,9,10,27.0,7.0,1 кімната,Не вказано,Євроремонт,Софіївська Борщагівка,Невідомо,1,0
7000.0,2,9,38.0,8.0,1 кімната,З меблями,Не вказано,Дніпро,Індустріальний (Дніпро),0,0
24347.0,6,21,95.0,28.0,3 кімнати,Не вказано,Не вказано,Одеса,Хаджибейський (Одеса),0,0
10499.0,14,15,54.0,20.0,2 кімнати,З меблями,Авторський проект,Одеса,Приморський (Одеса),0,0
10000.0,3,10,70.0,12.5,2 кімнати,З меблями,Євроремонт,Харків,Холодногірський (Харків),0,0
48500.0,6,18,138.0,30.0,3 кімнати,З меблями,Авторський проект,Дніпро,Соборний (Дніпро),0,0
12800.0,9,9,23.0,3.0,1 кімната,З меблями,Євроремонт,Київ,Солом'янський (Київ),1,0
9999.0,1,3,38.0,10.0,1 кімната,З меблями,Євроремонт,Одеса,Приморський (Одеса),0,0
23000.0,4,9,42.0,12.0,1 кімната,З меблями,Євроремонт,Київ,Шевченківський (Київ),0,0
3000.0,4,12,33.0,6.0,1 кімната,З меблями,Косметичний ремонт,Інше,Невідомо,0,0
4500.0,1,5,51.0,8.0,2 кімнати,З меблями,Житловий стан,Запоріжжя,Дніпровський (Запоріжжя),0,0
8000.0,2,5,34.0,6.0,1 кімната,З меблями,Косметичний ремонт,Одеса,Приморський (Одеса),0,0
6000.0,8,9,65.0,7.0,3 кімнати,З меблями,Косметичний ремонт,Харків,Невідомо,0,0
60868.0,16,17,100.0,26.0,3 кімнати,З меблями,Авторський проект,Одеса,Приморський (Одеса),0,0
8000.0,3,5,50.0,9.0,2 кімнати,З меблями,Не вказано,Харків,Київський (Харків),0,0
12000.0,5,5,46.0,6.0,2 кімнати,З меблями,Косметичний ремонт,Житомир,Невідомо,0,0
18260.0,8,12,81.2,21.7,2 кімнати,З меблями,Авторський проект,Суми,Невідомо,0,0
12000.0,2,5,65.0,9.0,3 кімнати,З меблями,Не вказано,Слов'янськ,Невідомо,0,0
2500.0,9,9,50.0,7.0,2 кімнати,З меблями,Не вказано,Краматорськ,Невідомо,0,0
24347.0,7,14,47.0,20.0,1 кімната,З меблями,Авторський проект,Львів,Шевченківський (Львів),0,0
29999.0,3,10,100.0,35.0,3 кімнати,З меблями,Євроремонт,Одеса,Приморський (Одеса),1,1
85215.0,10,10,234.0,17.0,5+ кімнат,Не вказано,Авторський проект,Львів,Франківський (Львів),1,0
28365.0,14,20,90.0,25.0,3 кімнати,З меблями,Євроремонт,Одеса,Приморський (Одеса),0,0
60868.0,10,24,52.0,10.0,1 кімната,З меблями,Авторський проект,Київ,Оболонський (Київ),0,0
48654.0,3,4,55.0,7.0,2 кімнати,З меблями,Євроремонт,Київ,Печерський (Київ),0,0
15000.0,2,10,85.0,12.0,3 кімнати,З меблями,Не вказано,Одеса,Приморський (Одеса),0,0
4500.0,4,8,21.0,3.0,1 кімната,З меблями,Не вказано,Інше,Невідомо,0,0
2000.0,2,2,15.0,12.0,1 кімната,Не вказано,Не вказано,Інше,Невідомо,0,0
15000.0,6,9,47.0,11.0,1 кімната,З меблями,Євроремонт,Київ,Голосіївський (Київ),0,0
7500.0,9,10,53.0,9.0,2 кімнати,З меблями,Євроремонт,Запоріжжя,Невідомо,0,0
5000.0,1,1,18.0,18.0,1 кімната,З меблями,Авторський проект,Одеса,Приморський (Одеса),0,0
8000.0,9,9,32.0,6.0,1 кімната,З меблями,Житловий стан,Дніпро,Центральний (Дніпро),1,0
17000.0,3,10,46.0,15.0,1 кімната,З меблями,Євроремонт,Житомир,Невідомо,1,0
4500.0,3,5,45.0,7.0,2 кімнати,Не вказано,Не вказано,Кривий Ріг,Невідомо,0,0
5500.0,1,2,30.0,30.0,1 кімната,Не вказано,Авторський проект,Одеса,Приморський (Одеса),0,0
22000.0,6,14,79.0,12.0,2 кімнати,З меблями,Євроремонт,Київ,Голосіївський (Київ),0,0
6000.0,9,9,68.0,8.0,3 кімнати,З меблями,Косметичний ремонт,Миколаїв,Iнгульський (Миколаїв),0,0
12000.0,9,9,87.0,12.0,3 кімнати,З меблями,Косметичний ремонт,Вишневе,Невідомо,0,0
3500.0,5,9,52.0,7.0,3 кімнати,З меблями,Житловий стан,Кривий Ріг,Невідомо,0,0
7000.0,12,17,34.0,9.0,1 кімната,З меблями,Євроремонт,Одеса,Хаджибейський (Одеса),0,0
14000.0,6,9,46.0,8.0,2 кімнати,Не вказано,Євроремонт,Дніпро,Невідомо,0,0
3200.0,3,9,38.0,8.0,1 кімната,Не вказано,Не вказано,Запоріжжя,Невідомо,0,0
5500.0,3,3,22.0,6.0,1 кімната,З меблями,Косметичний ремонт,Одеса,Хаджибейський (Одеса),0,0
16231.0,6,7,35.0,10.0,1 кімната,З меблями,Авторський проект,Одеса,Приморський (Одеса),1,1
14000.0,6,9,50.0,9.0,2 кімнати,З меблями,Євроремонт,Львів,Шевченківський (Львів),0,0
3500.0,1,2,43.0,7.0,2 кімнати,З меблями,Житловий стан,Інше,Невідомо,0,0
13000.0,6,6,56.0,12.0,2 кімнати,З меблями,Євроремонт,Мукачево,Невідомо,0,0
18260.0,11,12,39.0,16.0,1 кімната,Не вказано,Не вказано,Львів,Залізничний (Львів),0,0
5000.0,4,9,49.0,8.0,2 кімнати,З меблями,Житловий стан,Одеса,Київський (Одеса),0,0
10000.0,7,14,42.0,10.0,1 кімната,З меблями,Не вказано,Дніпро,Соборний (Дніпро),0,0
14990.0,26,27,85.0,25.0,3 кімнати,З меблями,Авторський проект,Одеса,Приморський (Одеса),0,0
28405.0,7,15,72.0,22.0,2 кімнати,З меблями,Авторський проект,Львів,Франківський (Львів),0,0
2500.0,1,9,34.0,7.0,1 кімната,Не вказано,Не вказано,Запоріжжя,Невідомо,0,0
60868.0,16,22,130.0,20.0,3 кімнати,З меблями,Авторський проект,Одеса,Приморський (Одеса),1,1
5000.0,9,9,52.0,6.0,2 кімнати,З меблями,Косметичний ремонт,Харків,Немишлянський (Харків),0,0
12174.0,11,12,47.0,12.0,1 кімната,З меблями,Євроремонт,Івано-Франківськ,Невідомо,0,0
5000.0,1,1,32.0,5.0,1 кімната,З меблями,Житловий стан,Дніпро,Центральний (Дніпро),0,0
24000.0,10,12,53.0,8.0,1 кімната,З меблями,Авторський проект,Дніпро,Центральний (Дніпро),0,0
16231.0,6,9,42.0,10.0,1 кімната,З меблями,Авторський проект,Ужгород,Невідомо,0,1
12000.0,3,3,30.0,7.0,1 кімната,З меблями,Євроремонт,Львів,Залізничний (Львів),0,0
18000.0,8,20,56.0,25.0,1 кімната,Не вказано,Не вказано,Бориспіль,Невідомо,1,0
32000.0,5,12,52.0,12.0,2 кімнати,Не вказано,Не вказано,Дніпро,Соборний (Дніпро),0,0
23000.0,14,18,127.0,15.0,3 кімнати,З меблями,Євроремонт,Київ,Дарницький (Київ),0,0
16231.0,6,12,70.0,12.0,2 кімнати,З меблями,Євроремонт,Івано-Франківськ,Невідомо,0,0
24347.0,4,13,39.1,13.0,1 кімната,З меблями,Не вказано,Львів,Шевченківський (Львів),0,0
15400.0,4,5,20.0,3.0,1 кімната,З меблями,Авторський проект,Київ,Святошинський (Київ),0,0
12000.0,8,14,55.0,12.0,2 кімнати,З меблями,Євроремонт,Одеса,Приморський (Одеса),0,1
9500.0,1,4,64.0,9.0,3 кімнати,З меблями,Євроремонт,Харків,Шевченківський  (Харків),0,0
9000.0,5,25,65.0,12.0,2 кімнати,З меблями,Авторський проект,Одеса,Пересипський (Одеса),0,1
15000.0,2,16,73.0,9.0,3 кімнати,З меблями,Євроремонт,Київ,Дарницький (Київ),0,0
15500.0,14,15,60.0,10.0,2 кімнати,З меблями,Косметичний ремонт,Київ,Святошинський (Київ),0,0
6000.0,3,5,30.0,10.0,1 кімната,Не вказано,Житловий стан,Київ,Святошинський (Київ),0,0
6000.0,5,5,50.0,9.0,2 кімнати,Не вказано,Не вказано,Одеса,Київський (Одеса),0,0
8500.0,5,5,53.0,6.0,3 кімнати,З меблями,Не вказано,Умань,Невідомо,0,0
8500.0,16,17,40.0,9.0,2 кімнати,З меблями,Євроремонт,Одеса,Пересипський (Одеса),1,0
12000.0,8,16,75.0,9.0,2 кімнати,З меблями,Житловий стан,Київ,Святошинський (Київ),1,0
20000.0,19,24,45.0,6.0,1 кімната,З меблями,Євроремонт,Київ,Солом'янський (Київ),0,0
97389.0,11,18,150.0,18.0,3 кімнати,З меблями,Авторський проект,Київ,Печерський (Київ),0,0
9000.0,2,14,36.0,14.0,1 кімната,З меблями,Косметичний ремонт,Рівне,Невідомо,0,0
15000.0,6,10,41.3,14.9,1 кімната,З меблями,Євроремонт,Софіївська Борщагівка,Невідомо,0,0
6500.0,5,5,50.0,7.0,2 кімнати,З меблями,Косметичний ремонт,Інженерний,Невідомо,0,0
15000.0,7,10,58.0,12.0,2 кімнати,Не вказано,Євроремонт,Софіївська Борщагівка,Невідомо,0,0
3000.0,3,9,33.0,8.0,1 кімната,Не вказано,Не вказано,Херсон,Невідомо,0,0
12174.0,1,22,41.0,14.0,1 кімната,З меблями,Євроремонт,Одеса,Приморський (Одеса),0,0
4000.0,11,11,38.0,9.0,1 кімната,З меблями,Не вказано,Одеса,Хаджибейський (Одеса),0,0
20000.0,21,22,98.0,12.0,3 кімнати,З меблями,Євроремонт,Київ,Дарницький (Київ),0,0
35000.0,9,9,86.0,20.0,3 кімнати,З меблями,Авторський проект,Київ,Дніпровський (Київ),0,0
9500.0,1,2,42.0,18.0,1 кімната,З меблями,Авторський проект,Одеса,Приморський (Одеса),1,0
20000.0,11,12,47.0,15.0,2 кімнати,З меблями,Євроремонт,Дніпро,Центральний (Дніпро),0,0
15000.0,3,3,65.0,10.0,3 кімнати,З меблями,Авторський проект,Харків,Київський (Харків),0,0
29000.0,32,34,43.0,13.0,1 кімната,З меблями,Авторський проект,Київ,Голосіївський (Київ),0,0
16231.0,3,5,70.0,12.0,3 кімнати,З меблями,Євроремонт,Львів,Сихівський (Львів),0,0
4500.0,4,9,64.0,7.0,3 кімнати,З меблями,Косметичний ремонт,Харків,Шевченківський  (Харків),0,0
4800.0,8,9,36.0,25.0,1 кімната,З меблями,Авторський проект,Харків,Київський (Харків),0,0
5999.0,5,5,52.0,7.0,2 кімнати,З меблями,Косметичний ремонт,Запоріжжя,Вознесенівський (Запоріжжя),0,0
4900.0,1,5,33.0,7.0,1 кімната,Не вказано,Не вказано,Харків,Шевченківський  (Харків),0,0
12174.0,5,5,32.0,7.0,1 кімната,З меблями,Євроремонт,Кременчук,Невідомо,0,0
43869.0,4,23,85.0,20.0,2 кімнати,З меблями,Євроремонт,Київ,Дарницький (Київ),1,0
16231.0,3,5,58.0,10.0,2 кімнати,З меблями,Не вказано,Ужгород,Невідомо,0,0
3500.0,11,16,53.0,9.0,2 кімнати,З меблями,Житловий стан,Харків,Шевченківський  (Харків),0,0
6000.0,4,5,38.0,12.0,2 кімнати,З меблями,Косметичний ремонт,Харків,Слобідський (Харків),0,0
10000.0,5,9,54.0,8.0,3 кімнати,З меблями,Євроремонт,Запоріжжя,Вознесенівський (Запоріжжя),0,0
16000.0,1,5,56.0,9.0,2 кімнати,З меблями,Косметичний ремонт,Ужгород,Невідомо,0,0
101447.0,5,7,100.0,12.0,3 кімнати,З меблями,Авторський проект,Київ,Шевченківський (Київ),0,0
18000.0,7,9,43.0,16.0,1 кімната,З меблями,Авторський проект,Луцьк,Невідомо,0,0
91302.0,5,6,130.0,12.0,4 кімнати,З меблями,Авторський проект,Київ,Шевченківський (Київ),0,0
7999.0,2,5,35.0,7.0,2 кімнати,З меблями,Не вказано,Черкаси,Невідомо,0,0
9500.0,1,5,25.0,5.0,1 кімната,З меблями,Не вказано,Ужгород,Невідомо,0,0
20289.0,3,15,56.0,22.0,1 кімната,З меблями,Євроремонт,Львів,Франківський (Львів),0,0
26000.0,3,5,57.0,18.0,2 кімнати,З меблями,Євроремонт,Полтава,Невідомо,0,0
14000.0,1,5,47.0,15.0,1 кімната,З меблями,Євроремонт,Рівне,Невідомо,0,0
18260.0,25,25,42.0,18.0,1 кімната,З меблями,Авторський проект,Одеса,Приморський (Одеса),1,1
15000.0,7,9,45.0,17.0,1 кімната,З меблями,Не вказано,Львів,Сихівський (Львів),0,0
5000.0,6,9,40.0,6.0,1 кімната,З меблями,Євроремонт,Миколаїв,Iнгульський (Миколаїв),0,0
7400.0,2,9,26.0,6.0,1 кімната,З меблями,Не вказано,Дніпро,Соборний (Дніпро),0,0
24347.0,7,10,76.0,13.8,2 кімнати,З меблями,Євроремонт,Львів,Шевченківський (Львів),0,0
14000.0,6,21,42.0,16.0,2 кімнати,З меблями,Євроремонт,Київ,Дніпровський (Київ),0,0
36000.0,2,7,82.0,10.0,3 кімнати,З меблями,Євроремонт,Київ,Шевченківський (Київ),1,1
35506.0,18,26,73.0,30.0,2 кімнати,З меблями,Авторський проект,Дніпро,Соборний (Дніпро),1,1
40000.0,22,22,200.0,15.0,5+ кімнат,З меблями,Авторський проект,Київ,Дарницький (Київ),0,0
2000.0,6,9,18.0,4.0,1 кімната,З меблями,Житловий стан,Кривий Ріг,Невідомо,0,0
9000.0,5,16,50.0,19.0,1 кімната,З меблями,Не вказано,Київ,Голосіївський (Київ),0,1
20289.0,19,24,60.0,15.0,2 кімнати,З меблями,Євроремонт,Одеса,Приморський (Одеса),1,1
13000.0,8,10,46.0,8.0,2 кімнати,З меблями,Євроремонт,Рівне,Невідомо,0,0
4500.0,4,5,67.0,12.0,3 кімнати,З меблями,Не вказано,Кривий Ріг,Невідомо,0,0
7800.0,2,5,30.0,7.0,1 кімната,З меблями,Житловий стан,Інше,Невідомо,0,0
10000.0,4,5,60.0,9.0,2 кімнати,Не вказано,Не вказано,Київ,Оболонський (Київ),0,0
8500.0,3,9,42.0,12.0,1 кімната,Не вказано,Євроремонт,Івано-Франківськ,Невідомо,0,0
12700.0,8,25,44.0,15.0,1 кімната,З меблями,Євроремонт,Київ,Святошинський (Київ),1,0
16500.0,12,13,41.0,10.0,1 кімната,З меблями,Євроремонт,Львів,Шевченківський (Львів),0,0
6000.0,4,5,45.0,6.0,2 кімнати,З меблями,Не вказано,Харків,Салтівський (Харків),0,0
24000.0,10,18,60.0,25.0,2 кімнати,З меблями,Євроремонт,Дніпро,Центральний (Дніпро),0,0
16231.0,3,3,140.0,25.0,5+ кімнат,З меблями,Євроремонт,Інше,Невідомо,0,0
12000.0,7,9,53.0,8.0,2 кімнати,З меблями,Житловий стан,Київ,Оболонський (Київ),0,0
6000.0,1,1,32.0,10.0,1 кімната,З меблями,Косметичний ремонт,Чернівці,Невідомо,0,0
6000.0,3,3,48.0,7.0,2 кімнати,З меблями,Косметичний ремонт,Кам'янець-Подільський,Невідомо,0,0
14500.0,7,7,80.0,25.0,2 кімнати,Не вказано,Євроремонт,Інше,Невідомо,0,0
17000.0,3,5,58.0,6.0,3 кімнати,З меблями,Євроремонт,Дніпро,Центральний (Дніпро),0,0
8000.0,7,19,36.0,8.0,1 кімната,З меблями,Євроремонт,Одеса,Хаджибейський (Одеса),0,0
10000.0,3,9,41.0,1.0,1 кімната,З меблями,Не вказано,Інше,Невідомо,0,0
14000.0,1,5,107.0,8.0,4 кімнати,З меблями,Євроремонт,Харків,Основ'янський (Харків),0,0
43859.0,4,23,85.0,20.0,2 кімнати,З меблями,Євроремонт,Київ,Дарницький (Київ),1,0
11500.0,10,10,56.0,17.0,2 кімнати,З меблями,Євроремонт,Кам'янець-Подільський,Невідомо,0,0
3500.0,8,9,38.0,8.0,1 кімната,З меблями,Косметичний ремонт,Харків,Київський (Харків),0,0
101447.0,12,17,175.0,20.0,4 кімнати,Не вказано,Авторський проект,Київ,Шевченківський (Київ),0,0
14000.0,9,9,59.0,7.0,3 кімнати,З меблями,Авторський проект,Луцьк,Невідомо,0,0
28000.0,2,4,45.0,10.0,1 кімната,З меблями,Євроремонт,Київ,Печерський (Київ),0,0
12174.0,2,4,40.0,8.0,1 кімната,З меблями,Євроремонт,Інше,Невідомо,0,0
8500.0,5,5,43.0,8.0,2 кімнати,З меблями,Не вказано,Дніпро,Центральний (Дніпро),0,0
6000.0,5,18,42.0,10.0,1 кімната,З меблями,Євроремонт,Одеса,Київський (Одеса),0,0
4000.0,7,9,37.0,8.0,1 кімната,З меблями,Житловий стан,Одеса,Київський (Одеса),0,0
17000.0,6,10,47.0,20.0,1 кімната,З меблями,Не вказано,Львів,Шевченківський (Львів),0,0
2500.0,1,2,20.0,4.0,1 кімната,З меблями,Не вказано,Запоріжжя,Невідомо,0,0
32463.0,2,2,40.0,8.0,1 кімната,З меблями,Євроремонт,Ужгород,Невідомо,0,0
11000.0,3,9,40.0,10.0,1 кімната,З меблями,Євроремонт,Дніпро,Соборний (Дніпро),0,0
4000.0,2,9,35.0,6.0,3 кімнати,Не вказано,Не вказано,Інше,Невідомо,0,0
14000.0,4,8,54.0,18.0,1 кімната,З меблями,Євроремонт,Полтава,Невідомо,0,0
6000.0,2,4,30.0,10.0,1 кімната,З меблями,Євроремонт,Одеса,Приморський (Одеса),0,0
7000.0,3,5,26.0,4.0,1 кімната,З меблями,Косметичний ремонт,Львів,Личаківський (Львів),0,0
12000.0,1,5,48.0,6.0,2 кімнати,З меблями,Косметичний ремонт,Житомир,Невідомо,0,0
10000.0,8,9,40.0,8.5,1 кімната,З меблями,Косметичний ремонт,Київ,Оболонський (Київ),0,0
12174.0,4,4,42.0,6.0,1 кімната,З меблями,Євроремонт,Чернівці,Невідомо,0,0
9333.0,1,2,50.0,8.0,2 кімнати,З меблями,Не вказано,Чернівці,Невідомо,0,0
5500.0,6,9,37.0,8.0,1 кімната,З меблями,Євроремонт,Кам'янське,Невідомо,0,0
13391.0,1,5,35.0,9.0,1 кімната,З меблями,Авторський проект,Ужгород,Невідомо,0,0
11000.0,8,9,72.0,16.0,2 кімнати,З меблями,Євроремонт,Івано-Франківськ,Невідомо,0,0
14999.0,2,10,75.0,16.0,2 кімнати,З меблями,Євроремонт,Івано-Франківськ,Невідомо,0,0
18500.0,4,12,46.0,24.0,2 кімнати,З меблями,Авторський проект,Дніпро,Соборний (Дніпро),0,0
7000.0,1,3,27.0,7.0,1 кімната,З меблями,Косметичний ремонт,Одеса,Приморський (Одеса),0,0
24000.0,11,25,74.0,25.0,3 кімнати,З меблями,Авторський проект,Київ,Дніпровський (Київ),1,1
12500.0,9,10,45.0,20.0,1 кімната,З меблями,Євроремонт,Львів,Франківський (Львів),0,0
5000.0,3,9,48.0,7.0,2 кімнати,З меблями,Косметичний ремонт,Кривий Ріг,Невідомо,0,0
20289.0,3,18,64.0,18.0,1 кімната,З меблями,Євроремонт,Одеса,Приморський (Одеса),1,0
16000.0,2,3,49.0,12.0,2 кімнати,З меблями,Авторський проект,Стрий,Невідомо,0,0
16000.0,1,5,55.0,7.0,2 кімнати,З меблями,Євроремонт,Ужгород,Невідомо,0,0
30434.0,10,10,64.0,15.0,2 кімнати,З меблями,Авторський проект,Львів,Шевченківський (Львів),0,0
8000.0,4,14,41.0,9.0,1 кімната,З меблями,Косметичний ремонт,Дніпро,Чечелівський (Дніпро),0,0
1999.0,2,5,21.0,10.0,1 кімната,З меблями,Косметичний ремонт,Чугуїв,Невідомо,0,0
16000.0,11,17,65.0,15.0,2 кімнати,З меблями,Не вказано,Хмельницький,Невідомо,0,0
16231.0,5,10,50.0,20.0,1 кімната,З меблями,Євроремонт,Львів,Залізничний (Львів),0,0
54781.0,14,24,61.0,9.0,2 кімнати,З меблями,Авторський проект,Київ,Печерський (Київ),0,0
25000.0,3,10,85.0,18.0,2 кімнати,Не вказано,Не вказано,Хмельницький,Невідомо,0,0
4500.0,8,9,33.0,6.0,1 кімната,З меблями,Євроремонт,Харків,Київський (Харків),0,0
15000.0,10,11,115.0,20.0,2 кімнати,З меблями,Не вказано,Хмельницький,Невідомо,0,0
38500.0,2,9,70.0,16.0,2 кімнати,З меблями,Не вказано,Київ,Подільський (Київ),0,0
20289.0,3,9,72.0,12.0,2 кімнати,З меблями,Євроремонт,Івано-Франківськ,Невідомо,0,0
6500.0,1,5,45.0,8.0,2 кімнати,З меблями,Не вказано,Тернопіль,Невідомо,0,0
20289.0,13,22,36.0,15.0,2 кімнати,З меблями,Авторський проект,Дніпро,Соборний (Дніпро),0,0
11000.0,3,9,45.0,15.0,1 кімната,З меблями,Євроремонт,Бориспіль,Невідомо,0,0
11000.0,7,9,64.0,9.0,3 кімнати,З меблями,Житловий стан,Рівне,Невідомо,0,0
13800.0,2,3,40.0,10.0,1 кімната,З меблями,Євроремонт,Ужгород,Невідомо,0,0
11000.0,2,5,35.0,6.0,1 кімната,Не вказано,Не вказано,Київ,Печерський (Київ),0,0
12000.0,4,11,45.0,15.0,1 кімната,З меблями,Євроремонт,Рівне,Невідомо,0,0
16231.0,3,3,78.0,25.0,2 кімнати,З меблями,Не вказано,Ужгород,Невідомо,0,0
2000.0,2,5,30.0,6.0,1 кімната,З меблями,Не вказано,Херсон,Невідомо,0,0
14000.0,3,5,59.0,30.0,2 кімнати,З меблями,Євроремонт,Харків,Шевченківський  (Харків),0,0
11500.0,5,5,32.0,9.0,1 кімната,З меблями,Не вказано,Київ,Шевченківський (Київ),0,0
15000.0,16,24,58.0,16.0,1 кімната,З меблями,Авторський проект,Одеса,Приморський (Одеса),1,0
19000.0,8,12,74.0,25.0,1 кімната,З меблями,Євроремонт,Черкаси,Невідомо,0,0
9000.0,5,6,40.0,12.0,1 кімната,Не вказано,Не вказано,Одеса,Київський (Одеса),0,0
21000.0,4,10,50.0,15.0,1 кімната,Не вказано,Не вказано,Львів,Франківський (Львів),0,0
52752.0,2,7,198.0,25.0,3 кімнати,З меблями,Авторський проект,Одеса,Приморський (Одеса),0,0
5000.0,3,3,35.0,6.0,2 кімнати,З меблями,Євроремонт,Одеса,Хаджибейський (Одеса),0,0
17000.0,12,12,67.0,10.0,2 кімнати,Не вказано,Не вказано,Львів,Франківський (Львів),0,0
7500.0,8,9,44.0,10.0,1 кімната,З меблями,Не вказано,Буча,Невідомо,0,0
87717.0,4,4,115.0,30.0,5+ кімнат,З меблями,Авторський проект,Львів,Галицький (Львів),0,0
10145.0,2,2,80.0,10.0,3 кімнати,З меблями,Косметичний ремонт,Чернівці,Невідомо,0,0
6800.0,5,9,32.0,7.0,1 кімната,З меблями,Євроремонт,Миколаїв,Центральний (Миколаїв),0,0
11000.0,2,9,35.0,9.0,1 кімната,З меблями,Євроремонт,Львів,Франківський (Львів),0,0
6000.0,3,9,36.0,7.0,1 кімната,З меблями,Косметичний ремонт,Запоріжжя,Невідомо,0,0
10000.0,8,10,36.0,8.0,1 кімната,З меблями,Євроремонт,Рівне,Невідомо,0,0
12000.0,4,5,37.0,10.0,1 кімната,З меблями,Авторський проект,Полтава,Невідомо,0,0
10000.0,1,3,50.0,11.0,2 кімнати,З меблями,Не вказано,Інше,Невідомо,0,0
9000.0,12,16,46.0,12.0,1 кімната,З меблями,Євроремонт,Одеса,Київський (Одеса),0,0
4000.0,5,5,48.8,8.0,2 кімнати,Не вказано,Не вказано,Кривий Ріг,Невідомо,0,0
2300.0,3,6,19.0,2.0,1 кімната,Не вказано,Євроремонт,Харків,Київський (Харків),0,0
14000.0,4,10,64.0,20.0,2 кімнати,З меблями,Євроремонт,Вишневе,Невідомо,0,0
10000.0,12,24,33.0,9.0,1 кімната,З меблями,Авторський проект,Одеса,Приморський (Одеса),1,0
20000.0,3,6,45.0,15.0,2 кімнати,З меблями,Євроремонт,Київ,Подільський (Київ),0,0
48694.0,16,25,90.0,25.0,3 кімнати,З меблями,Не вказано,Одеса,Приморський (Одеса),0,0
101447.0,20,23,120.0,35.0,4 кімнати,З меблями,Авторський проект,Київ,Голосіївський (Київ),0,0
16231.0,9,23,42.0,18.0,1 кімната,З меблями,Євроремонт,Одеса,Приморський (Одеса),0,0
12000.0,1,9,54.0,8.0,2 кімнати,З меблями,Не вказано,Новомосковськ,Невідомо,0,0
15000.0,3,3,100.0,11.0,3 кімнати,З меблями,Не вказано,Одеса,Приморський (Одеса),0,0
24347.0,4,10,56.0,19.0,1 кімната,З меблями,Євроремонт,Львів,Залізничний (Львів),1,1
16231.0,13,24,56.0,15.0,1 кімната,З меблями,Євроремонт,Одеса,Приморський (Одеса),1,0
8000.0,2,9,45.0,15.0,1 кімната,З меблями,Євроремонт,Харків,Київський (Харків),1,0
28405.0,5,10,50.0,20.0,2 кімнати,З меблями,Авторський проект,Львів,Галицький (Львів),1,1
58839.0,15,24,73.0,9.0,2 кімнати,З меблями,Авторський проект,Київ,Печерський (Київ),0,0
14035.0,7,10,43.0,17.0,1 кімната,З меблями,Авторський проект,Івано-Франківськ,Невідомо,1,0
16000.0,6,10,70.0,10.0,3 кімнати,З меблями,Євроремонт,Київ,Шевченківський (Київ),0,0
22318.0,4,8,43.0,18.0,1 кімната,Не вказано,Авторський проект,Львів,Личаківський (Львів),0,0
13500.0,1,3,40.0,10.0,1 кімната,Не вказано,Не вказано,Ужгород,Невідомо,0,0
9000.0,9,22,39.0,9.0,1 кімната,З меблями,Євроремонт,Бровари,Невідомо,0,0
22318.0,5,9,50.0,26.0,1 кімната,З меблями,Авторський проект,Львів,Франківський (Львів),0,0
2000.0,5,5,53.7,9.0,2 кімнати,З меблями,Житловий стан,Дружківка,Невідомо,0,0
23000.0,14,33,42.0,8.0,1 кімната,З меблями,Авторський проект,Київ,Голосіївський (Київ),0,0
11000.0,16,18,60.0,18.0,2 кімнати,З меблями,Не вказано,Одеса,Приморський (Одеса),0,0
10500.0,5,9,56.0,4.0,2 кімнати,З меблями,Авторський проект,Чернівці,Невідомо,0,1
4500.0,5,5,30.6,6.0,1 кімната,З меблями,Євроремонт,Харків,Слобідський (Харків),0,0
12000.0,1,5,41.0,14.0,1 кімната,З меблями,Євроремонт,Інше,Невідомо,0,0
16231.0,4,9,43.0,11.0,1 кімната,З меблями,Євроремонт,Ужгород,Невідомо,1,0
11000.0,1,3,65.0,10.0,3 кімнати,З меблями,Євроремонт,Миколаїв,Заводський (Миколаїв),0,0
2000.0,9,9,39.0,9.0,1 кімната,З меблями,Не вказано,Краматорськ,Невідомо,0,0
3500.0,4,5,35.6,7.0,1 кімната,З меблями,Косметичний ремонт,Кременчук,Невідомо,0,0
12000.0,9,9,35.0,7.0,1 кімната,З меблями,Євроремонт,Дніпро,Шевченківський (Дніпро),0,0
5000.0,3,5,44.0,5.0,2 кімнати,З меблями,Косметичний ремонт,Харків,Шевченківський  (Харків),0,0
5000.0,2,5,45.0,6.0,2 кімнати,З меблями,Не вказано,Дніпро,Центральний (Дніпро),0,1
5500.0,12,17,26.0,12.0,1 кімната,Не вказано,Не вказано,Одеса,Київський (Одеса),0,0
3000.0,7,16,38.0,9.0,1 кімната,Не вказано,Не вказано,Харків,Шевченківський  (Харків),1,0
8500.0,4,4,67.0,8.0,3 кімнати,Не вказано,Косметичний ремонт,Стрий,Невідомо,0,0
10145.0,3,7,43.0,9.0,1 кімната,З меблями,Житловий стан,Івано-Франківськ,Невідомо,1,1
4800.0,2,9,35.0,9.0,1 кімната,З меблями,Не вказано,Харків,Салтівський (Харків),0,0
17000.0,8,16,39.0,15.0,1 кімната,З меблями,Євроремонт,Київ,Солом'янський (Київ),1,0
40579.0,19,24,171.0,35.0,4 кімнати,З меблями,Авторський проект,Київ,Подільський (Київ),0,0
4000.0,2,2,32.0,5.0,1 кімната,З меблями,Євроремонт,Харків,Немишлянський (Харків),0,0
14500.0,2,2,110.0,18.0,3 кімнати,Не вказано,Не вказано,Івано-Франківськ,Невідомо,0,0
10000.0,7,9,65.0,10.0,3 кімнати,З меблями,Євроремонт,Івано-Франківськ,Невідомо,0,0
16000.0,7,17,55.0,20.0,2 кімнати,З меблями,Авторський проект,Харків,Шевченківський  (Харків),0,0
7000.0,2,5,44.0,6.0,2 кімнати,З меблями,Житловий стан,Кропивницький,Фортечний (Кропивницький),0,0
6500.0,5,5,36.0,6.0,1 кімната,З меблями,Житловий стан,Інше,Невідомо,0,0
40579.0,5,24,87.0,41.0,2 кімнати,З меблями,Євроремонт,Київ,Печерський (Київ),1,0
10000.0,8,10,38.0,18.0,1 кімната,З меблями,Євроремонт,Ірпінь,Невідомо,0,0
11000.0,10,16,44.0,8.0,2 кімнати,З меблями,Не вказано,Київ,Дніпровський (Київ),0,0
12000.0,1,10,65.0,10.0,2 кімнати,Не вказано,Євроремонт,Суми,Невідомо,0,0
10145.0,2,3,35.0,8.0,1 кімната,З меблями,Євроремонт,Інше,Невідомо,0,0
16500.0,2,5,44.0,7.0,2 кімнати,З меблями,Не вказано,Київ,Печерський (Київ),0,0
24347.0,5,5,70.0,14.0,2 кімнати,З меблями,Євроремонт,Ужгород,Невідомо,0,0
3500.0,6,6,25.0,5.0,1 кімната,Не вказано,Євроремонт,Харків,Київський (Харків),0,0
12000.0,2,10,43.0,10.0,1 кімната,З меблями,Житловий стан,Львів,Сихівський (Львів),0,0
40579.0,26,36,55.0,20.0,2 кімнати,З меблями,Авторський проект,Київ,Шевченківський (Київ),1,0
16900.0,4,20,50.0,14.0,1 кімната,З меблями,Євроремонт,Інше,Невідомо,0,0
3000.0,10,12,33.0,7.4,1 кімната,Не вказано,Косметичний ремонт,Харків,Салтівський (Харків),0,0
24347.0,20,23,70.0,23.0,2 кімнати,З меблями,Авторський проект,Одеса,Приморський (Одеса),0,0
5000.0,4,5,32.0,6.0,1 кімната,З меблями,Не вказано,Кропивницький,Фортечний (Кропивницький),0,0
25000.0,6,7,97.0,15.0,3 кімнати,З меблями,Не вказано,Київ,Шевченківський (Київ),0,0
18260.0,6,10,45.0,17.0,1 кімната,З меблями,Євроремонт,Львів,Шевченківський (Львів),0,0
12500.0,6,12,45.0,12.0,1 кімната,З меблями,Не вказано,Вінниця,Ленінський (Вінниця),0,0
13000.0,8,24,46.0,14.0,1 кімната,З меблями,Не вказано,Одеса,Приморський (Одеса),1,1
1500.0,2,2,32.0,8.8,1 кімната,Не вказано,Не вказано,Харків,Немишлянський (Харків),0,0
4000.0,4,5,51.0,6.0,3 кімнати,З меблями,Не вказано,Миколаїв,Заводський (Миколаїв),0,0
12000.0,2,9,52.0,8.0,2 кімнати,З меблями,Євроремонт,Ірпінь,Невідомо,0,0
11000.0,9,9,48.0,8.0,2 кімнати,З меблями,Житловий стан,Київ,Подільський (Київ),0,0
60868.0,6,7,240.0,20.0,3 кімнати,З меблями,Авторський проект,Ужгород,Невідомо,0,0
10000.0,8,9,52.0,9.0,2 кімнати,З меблями,Косметичний ремонт,Житомир,Невідомо,0,0
4000.0,2,4,22.0,6.0,1 кімната,З меблями,Не вказано,Харків,Київський (Харків),0,0
22318.0,5,7,100.0,20.0,3 кімнати,З меблями,Євроремонт,Чернівці,Невідомо,0,0
17000.0,9,9,100.0,15.0,3 кімнати,З меблями,Євроремонт,Вишневе,Невідомо,0,0
10000.0,8,16,42.0,10.0,1 кімната,З меблями,Житловий стан,Київ,Святошинський (Київ),0,0
19800.0,6,24,90.0,25.0,2 кімнати,З меблями,Не вказано,Київ,Святошинський (Київ),0,0
13000.0,5,5,58.0,25.0,2 кімнати,З меблями,Косметичний ремонт,Дніпро,Соборний (Дніпро),0,0
12000.0,2,5,46.0,6.0,2 кімнати,З меблями,Косметичний ремонт,Вінниця,Ленінський (Вінниця),0,0
7000.0,9,10,54.0,8.0,2 кімнати,З меблями,Косметичний ремонт,Кам'янське,Невідомо,0,0
9500.0,4,4,75.0,30.0,1 кімната,Не вказано,Не вказано,Харків,Київський (Харків),0,0
9000.0,5,10,59.0,12.0,2 кімнати,Не вказано,Євроремонт,Івано-Франківськ,Невідомо,1,0
12000.0,5,6,60.0,14.0,2 кімнати,Не вказано,Євроремонт,Івано-Франківськ,Невідомо,0,0
20289.0,3,9,60.0,15.0,2 кімнати,З меблями,Євроремонт,Львів,Сихівський (Львів),0,0
2000.0,4,7,20.0,4.0,1 кімната,З меблями,Євроремонт,Харків,Київський (Харків),0,0
11000.0,15,16,53.0,25.0,2 кімнати,З меблями,Авторський проект,Інше,Невідомо,0,0
22318.0,8,9,65.0,15.0,2 кімнати,З меблями,Євроремонт,Львів,Шевченківський (Львів),0,0
22318.0,6,9,51.0,1.0,2 кімнати,Не вказано,Не вказано,Ужгород,Невідомо,0,0
10000.0,3,9,48.0,8.0,2 кімнати,З меблями,Косметичний ремонт,Дніпро,Шевченківський (Дніпро),0,0
12000.0,2,16,35.0,8.5,1 кімната,З меблями,Косметичний ремонт,Київ,Святошинський (Київ),0,0
7999.0,2,5,42.0,7.0,2 кімнати,З меблями,Косметичний ремонт,Дружківка,Невідомо,0,0
8000.0,2,9,50.0,7.0,2 кімнати,З меблями,Косметичний ремонт,Хмельницький,Невідомо,1,0
8000.0,4,9,38.0,9.0,1 кімната,З меблями,Євроремонт,Чернігів,Невідомо,1,0
12000.0,4,5,70.0,6.0,3 кімнати,З меблями,Косметичний ремонт,Ірпінь,Невідомо,0,0
9000.0,8,9,90.0,15.0,4 кімнати,З меблями,Косметичний ремонт,Кам'янське,Невідомо,1,0
3000.0,15,16,51.0,10.0,2 кімнати,З меблями,Косметичний ремонт,Харків,Немишлянський (Харків),0,0
12000.0,2,9,54.0,9.0,2 кімнати,З меблями,Косметичний ремонт,Львів,Шевченківський (Львів),0,0
18260.0,2,3,42.0,20.0,1 кімната,З меблями,Авторський проект,Ужгород,Невідомо,0,0
15000.0,5,9,38.0,15.0,1 кімната,Не вказано,Не вказано,Житомир,Невідомо,0,0
19000.0,4,9,58.0,8.0,2 кімнати,З меблями,Косметичний ремонт,Київ,Оболонський (Київ),0,0
26376.0,7,10,59.0,18.0,2 кімнати,З меблями,Авторський проект,Львів,Сихівський (Львів),0,0
8000.0,3,5,46.0,8.0,2 кімнати,З меблями,Житловий стан,Львів,Сихівський (Львів),0,0
14203.0,4,9,72.0,14.0,3 кімнати,З меблями,Євроремонт,Тернопіль,Невідомо,0,0
35000.0,4,4,105.0,20.0,3 кімнати,З меблями,Авторський проект,Київ,Шевченківський (Київ),0,0
28405.0,3,4,110.0,30.0,2 кімнати,З меблями,Авторський проект,Одеса,Приморський (Одеса),0,0
11000.0,5,9,45.0,7.0,2 кімнати,З меблями,Косметичний ремонт,Дніпро,Чечелівський (Дніпро),0,0
9000.0,2,5,56.0,7.0,2 кімнати,З меблями,Не вказано,Харків,Київський (Харків),0,0
7000.0,14,16,38.0,10.0,1 кімната,З меблями,Косметичний ремонт,Одеса,Київський (Одеса),0,0
6000.0,4,9,65.0,14.0,3 кімнати,З меблями,Житловий стан,Одеса,Київський (Одеса),0,0
12000.0,8,8,40.0,10.0,1 кімната,З меблями,Авторський проект,Софіївська Борщагівка,Невідомо,0,0
13000.0,2,9,50.0,8.0,2 кімнати,З меблями,Не вказано,Житомир,Невідомо,0,0
13000.0,9,13,53.0,8.5,2 кімнати,З меблями,Житловий стан,Київ,Дарницький (Київ),0,0
16231.0,4,7,50.0,7.0,1 кімната,З меблями,Євроремонт,Ужгород,Невідомо,0,0
5500.0,9,9,51.0,8.0,2 кімнати,З меблями,Косметичний ремонт,Миколаїв,Центральний (Миколаїв),0,0
8000.0,9,16,56.0,8.0,2 кімнати,З меблями,Не вказано,Дніпро,Індустріальний (Дніпро),0,0
9000.0,20,21,30.0,5.0,1 кімната,З меблями,Євроремонт,Інше,Невідомо,1,0
4500.0,1,5,32.0,7.0,1 кімната,З меблями,Не вказано,Запоріжжя,Вознесенівський (Запоріжжя),0,0
20000.0,3,7,50.0,18.0,1 кімната,З меблями,Євроремонт,Ужгород,Невідомо,0,0
5500.0,2,2,37.0,6.0,1 кімната,З меблями,Житловий стан,Одеса,Приморський (Одеса),0,0
20289.0,11,13,43.0,15.0,1 кімната,Не вказано,Не вказано,Івано-Франківськ,Невідомо,0,0
20000.0,20,25,67.0,30.0,2 кімнати,З меблями,Авторський проект,Одеса,Приморський (Одеса),1,0
25000.0,13,16,65.0,20.0,2 кімнати,З меблями,Авторський проект,Львів,Галицький (Львів),1,0
7000.0,1,5,22.0,22.0,1 кімната,Не вказано,Євроремонт,Ірпінь,Невідомо,0,0
5000.0,2,5,55.0,8.0,1 кімната,З меблями,Житловий стан,Ірпінь,Невідомо,0,0
14000.0,4,5,38.0,23.0,1 кімната,З меблями,Авторський проект,Інше,Невідомо,0,0
12000.0,5,10,67.0,14.0,2 кімнати,З меблями,Євроремонт,Хмельницький,Невідомо,0,0
14500.0,20,25,73.0,15.0,2 кімнати,З меблями,Євроремонт,Київ,Дарницький (Київ),0,0
7000.0,7,16,70.0,9.0,3 кімнати,З меблями,Житловий стан,Харків,Немишлянський (Харків),1,0
32463.0,9,10,125.0,30.0,3 кімнати,З меблями,Авторський проект,Тернопіль,Невідомо,0,0
8000.0,8,12,60.0,10.0,2 кімнати,Не вказано,Косметичний ремонт,Одеса,Приморський (Одеса),0,0
14000.0,1,2,41.0,12.0,1 кімната,Не вказано,Євроремонт,Інше,Невідомо,0,0
16000.0,5,9,68.0,9.0,3 кімнати,З меблями,Євроремонт,Дніпро,Соборний (Дніпро),0,0
5500.0,1,4,35.0,10.0,1 кімната,Не вказано,Косметичний ремонт,Одеса,Хаджибейський (Одеса),0,0
6000.0,2,9,65.0,12.0,3 кімнати,З меблями,Не вказано,Харків,Київський (Харків),0,0
3850.0,3,5,18.0,4.0,1 кімната,З меблями,Не вказано,Харків,Київський (Харків),0,0
19000.0,17,20,44.0,12.0,1 кімната,З меблями,Не вказано,Дніпро,Соборний (Дніпро),0,0
13000.0,2,10,52.0,8.0,2 кімнати,З меблями,Житловий стан,Дніпро,Центральний (Дніпро),0,0
7000.0,9,9,65.0,12.0,3 кімнати,З меблями,Косметичний ремонт,Одеса,Київський (Одеса),0,0
8000.0,1,2,35.0,7.0,1 кімната,З меблями,Косметичний ремонт,Інше,Невідомо,0,0
4000.0,1,5,60.0,7.0,2 кімнати,Не вказано,Косметичний ремонт,Харків,Слобідський (Харків),0,0
12174.0,21,25,60.0,25.0,2 кімнати,З меблями,Авторський проект,Одеса,Приморський (Одеса),1,0
13000.0,3,9,65.0,9.0,3 кімнати,З меблями,Євроремонт,Інше,Невідомо,0,0
6500.0,10,11,45.0,8.0,1 кімната,З меблями,Євроремонт,Одеса,Приморський (Одеса),0,0
12000.0,9,10,54.0,8.0,2 кімнати,З меблями,Євроремонт,Кам'янське,Невідомо,0,0
16231.0,7,10,50.0,13.0,1 кімната,З меблями,Не вказано,Львів,Залізничний (Львів),0,0
40579.0,14,18,136.0,18.0,3 кімнати,З меблями,Євроремонт,Одеса,Приморський (Одеса),0,0
7500.0,8,10,48.0,8.0,2 кімнати,З меблями,Житловий стан,Інше,Невідомо,0,0
21000.0,17,19,75.0,12.0,3 кімнати,З меблями,Євроремонт,Київ,Дарницький (Київ),0,0
24347.0,4,8,65.0,15.0,2 кімнати,З меблями,Євроремонт,Одеса,Приморський (Одеса),0,0
9000.0,6,10,48.0,11.0,1 кімната,З меблями,Євроремонт,Хмельницький,Невідомо,0,0
26376.0,8,12,65.0,12.0,2 кімнати,З меблями,Не вказано,Івано-Франківськ,Невідомо,0,0
133910.0,8,21,108.0,15.0,3 кімнати,З меблями,Авторський проект,Київ,Голосіївський (Київ),0,0
6000.0,5,5,32.0,6.5,1 кімната,З меблями,Косметичний ремонт,Умань,Невідомо,0,0
12000.0,4,6,52.0,7.0,2 кімнати,З меблями,Євроремонт,Миколаїв,Центральний (Миколаїв),0,0
16231.0,8,9,70.0,15.0,2 кімнати,З меблями,Житловий стан,Чернівці,Невідомо,0,0
10000.0,4,5,50.0,8.0,2 кімнати,З меблями,Не вказано,Дніпро,Центральний (Дніпро),0,0
7500.0,10,18,44.0,16.0,1 кімната,З меблями,Авторський проект,Інше,Невідомо,1,1
7000.0,4,5,68.0,8.0,2 кімнати,З меблями,Не вказано,Кам'янець-Подільський,Невідомо,0,0
3500.0,7,9,30.0,6.0,2 кімнати,З меблями,Житловий стан,Одеса,Пересипський (Одеса),0,0
11000.0,8,9,65.0,30.0,2 кімнати,З меблями,Авторський проект,Запоріжжя,Дніпровський (Запоріжжя),0,0
7000.0,1,5,30.0,7.0,1 кімната,З меблями,Житловий стан,Київ,Дніпровський (Київ),0,0
12174.0,3,9,67.0,10.0,2 кімнати,З меблями,Євроремонт,Тернопіль,Невідомо,0,0
6000.0,8,9,50.0,7.0,2 кімнати,З меблями,Косметичний ремонт,Одеса,Київський (Одеса),0,0
5800.0,1,2,45.0,10.0,1 кімната,З меблями,Не вказано,Тернопіль,Невідомо,0,0
7500.0,1,5,28.0,6.0,1 кімната,З меблями,Косметичний ремонт,Дніпро,Шевченківський (Дніпро),0,0
10000.0,8,9,60.0,7.0,3 кімнати,З меблями,Житловий стан,Київ,Дніпровський (Київ),0,0
4000.0,4,5,38.0,6.0,1 кімната,З меблями,Житловий стан,Інше,Невідомо,0,0
12500.0,3,9,38.0,8.0,1 кімната,З меблями,Не вказано,Миколаїв,Центральний (Миколаїв),0,0
8000.0,11,16,50.0,16.0,1 кімната,Не вказано,Євроремонт,Одеса,Приморський (Одеса),0,0
9500.0,7,9,30.0,6.0,1 кімната,З меблями,Євроремонт,Софіївська Борщагівка,Невідомо,0,0
11000.0,4,17,34.0,10.0,1 кімната,З меблями,Євроремонт,Одеса,Хаджибейський (Одеса),0,0
4000.0,3,4,21.0,3.0,1 кімната,З меблями,Євроремонт,Харків,Київський (Харків),0,1
10000.0,5,9,36.0,6.0,1 кімната,З меблями,Косметичний ремонт,Львів,Сихівський (Львів),0,0
18260.0,4,5,70.0,12.0,2 кімнати,З меблями,Євроремонт,Ужгород,Невідомо,0,0
10000.0,7,16,55.0,12.0,2 кімнати,Не вказано,Євроремонт,Харків,Шевченківський  (Харків),0,0
3700.0,6,9,52.0,8.0,2 кімнати,Не вказано,Не вказано,Запоріжжя,Невідомо,0,0
7500.0,6,9,48.0,8.0,2 кімнати,З меблями,Житловий стан,Миколаїв,Заводський (Миколаїв),1,0
2500.0,2,6,18.0,2.0,1 кімната,Не вказано,Косметичний ремонт,Харків,Холодногірський (Харків),0,0
16000.0,2,6,63.0,8.0,2 кімнати,З меблями,Не вказано,Дніпро,Соборний (Дніпро),1,0
14900.0,2,8,32.0,12.0,1 кімната,Не вказано,Не вказано,Київ,Голосіївський (Київ),0,0
6999.0,2,4,50.0,15.0,2 кімнати,З меблями,Житловий стан,Запоріжжя,Вознесенівський (Запоріжжя),0,0
6000.0,1,3,40.0,9.0,2 кімнати,З меблями,Євроремонт,Харків,Немишлянський (Харків),0,1
39000.0,15,25,90.0,13.0,4 кімнати,З меблями,Євроремонт,Київ,Голосіївський (Київ),0,0
11000.0,11,16,67.0,32.0,2 кімнати,З меблями,Євроремонт,Харків,Шевченківський  (Харків),0,0
10000.0,1,7,42.0,9.0,1 кімната,Не вказано,Не вказано,Інше,Невідомо,0,0
5500.0,6,12,50.0,8.0,2 кімнати,З меблями,Не вказано,Миколаїв,Iнгульський (Миколаїв),0,0
12000.0,3,5,39.0,11.0,1 кімната,З меблями,Авторський проект,Ірпінь,Невідомо,0,0
16231.0,4,9,75.0,20.0,2 кімнати,З меблями,Євроремонт,Івано-Франківськ,Невідомо,0,0
6000.0,6,9,32.0,7.0,1 кімната,З меблями,Не вказано,Миколаїв,Центральний (Миколаїв),0,0
13797.0,2,3,40.0,10.0,1 кімната,З меблями,Євроремонт,Львів,Галицький (Львів),0,0
8000.0,5,5,45.0,8.0,2 кімнати,З меблями,Косметичний ремонт,Хмельницький,Невідомо,0,0
56810.0,9,17,82.0,16.0,4 кімнати,З меблями,Євроремонт,Київ,Печерський (Київ),0,0
101447.0,11,15,137.0,15.0,3 кімнати,Не вказано,Не вказано,Київ,Шевченківський (Київ),0,0
9500.0,6,14,60.0,8.0,2 кімнати,З меблями,Житловий стан,Хмельницький,Невідомо,0,0
7000.0,6,10,70.0,9.0,3 кімнати,З меблями,Косметичний ремонт,Одеса,Хаджибейський (Одеса),0,0
7500.0,10,14,32.0,6.0,1 кімната,З меблями,Житловий стан,Дніпро,Центральний (Дніпро),1,0
14203.0,3,3,47.0,13.0,2 кімнати,З меблями,Євроремонт,Львів,Галицький (Львів),0,0
12500.0,2,10,40.0,13.25,1 кімната,З меблями,Євроремонт,Інше,Невідомо,1,0
5000.0,9,9,52.0,8.0,2 кімнати,Не вказано,Не вказано,Запоріжжя,Невідомо,0,0
6500.0,5,5,45.0,8.0,2 кімнати,Не вказано,Не вказано,Харків,Шевченківський  (Харків),0,0
12000.0,4,9,50.0,9.0,2 кімнати,З меблями,Євроремонт,Житомир,Невідомо,0,0
15500.0,6,9,32.0,8.0,1 кімната,З меблями,Косметичний ремонт,Київ,Печерський (Київ),0,0
4999.0,6,10,55.0,10.0,2 кімнати,З меблями,Житловий стан,Запоріжжя,Невідомо,0,0
6000.0,8,9,52.0,8.0,2 кімнати,З меблями,Косметичний ремонт,Тернопіль,Невідомо,0,0
44637.0,2,16,50.0,22.0,1 кімната,З меблями,Євроремонт,Київ,Шевченківський (Київ),0,0
10000.0,4,9,44.0,6.5,2 кімнати,З меблями,Косметичний ремонт,Київ,Святошинський (Київ),0,0
11000.0,7,9,64.0,9.0,3 кімнати,З меблями,Не вказано,Рівне,Невідомо,0,0
8000.0,4,9,58.0,8.0,3 кімнати,З меблями,Не вказано,Миколаїв,Iнгульський (Миколаїв),0,0
18000.0,1,5,58.0,10.0,2 кімнати,Не вказано,Євроремонт,Софіївська Борщагівка,Невідомо,0,0
9500.0,5,9,35.0,7.0,1 кімната,З меблями,Косметичний ремонт,Черкаси,Невідомо,0,0
12000.0,8,9,50.0,7.0,2 кімнати,З меблями,Не вказано,Київ,Голосіївський (Київ),0,0
28405.0,8,26,41.0,16.0,1 кімната,З меблями,Авторський проект,Київ,Солом'янський (Київ),0,0
5000.0,1,9,50.0,9.0,2 кімнати,З меблями,Косметичний ремонт,Харків,Слобідський (Харків),0,0
7500.0,3,16,47.0,10.0,1 кімната,З меблями,Євроремонт,Одеса,Київський (Одеса),0,0
9300.0,12,17,43.0,12.0,1 кімната,Не вказано,Не вказано,Одеса,Київський (Одеса),0,0
16231.0,3,4,102.0,12.0,3 кімнати,З меблями,Косметичний ремонт,Чернівці,Невідомо,0,0
8500.0,4,10,65.0,15.0,2 кімнати,З меблями,Авторський проект,Харків,Шевченківський  (Харків),0,0
7000.0,1,9,63.0,10.0,2 кімнати,З меблями,Косметичний ремонт,Бориспіль,Невідомо,0,0
4000.0,6,9,30.0,9.0,1 кімната,Не вказано,Не вказано,Івано-Франківськ,Невідомо,0,0
8000.0,2,5,49.0,9.0,2 кімнати,З меблями,Житловий стан,Миколаїв,Центральний (Миколаїв),0,0
12000.0,15,22,30.0,8.0,1 кімната,Не вказано,Євроремонт,Одеса,Київський (Одеса),0,0
8000.0,4,5,46.0,10.0,2 кімнати,З меблями,Євроремонт,Інженерний,Невідомо,0,0
18260.0,8,17,70.0,19.0,2 кімнати,Не вказано,Не вказано,Одеса,Приморський (Одеса),0,0
20289.0,5,9,85.0,12.0,2 кімнати,З меблями,Євроремонт,Харків,Київський (Харків),0,0
20000.0,16,25,54.0,24.0,2 кімнати,З меблями,Євроремонт,Дніпро,Центральний (Дніпро),0,0
12174.0,1,4,60.0,22.0,2 кімнати,З меблями,Авторський проект,Одеса,Приморський (Одеса),1,1
12000.0,3,12,47.0,15.0,2 кімнати,З меблями,Євроремонт,Кропивницький,Фортечний (Кропивницький),0,0
16231.0,2,9,46.0,15.0,1 кімната,З меблями,Євроремонт,Ужгород,Невідомо,0,0
52752.0,7,25,60.0,25.0,1 кімната,З меблями,Євроремонт,Київ,Печерський (Київ),0,0
19000.0,11,25,56.0,6.0,2 кімнати,З меблями,Євроремонт,Софіївська Борщагівка,Невідомо,0,0
7500.0,1,5,29.5,6.3,1 кімната,З меблями,Євроремонт,Миколаїв,Iнгульський (Миколаїв),0,0
11500.0,3,9,49.0,8.0,2 кімнати,Не вказано,Євроремонт,Бориспіль,Невідомо,0,0
11500.0,16,17,45.0,12.0,1 кімната,З меблями,Євроремонт,Харків,Основ'янський (Харків),0,0
15000.0,3,9,80.0,10.0,2 кімнати,З меблями,Авторський проект,Запоріжжя,Невідомо,1,0
15000.0,3,9,47.0,10.0,2 кімнати,З меблями,Авторський проект,Дніпро,Чечелівський (Дніпро),0,0
40579.0,6,10,74.0,12.0,2 кімнати,З меблями,Не вказано,Івано-Франківськ,Невідомо,0,0
22318.0,22,25,65.0,16.0,2 кімнати,З меблями,Авторський проект,Одеса,Приморський (Одеса),1,0
5000.0,5,5,45.0,9.0,1 кімната,З меблями,Косметичний ремонт,Запоріжжя,Невідомо,0,0
14000.0,4,10,52.0,8.0,1 кімната,З меблями,Євроремонт,Київ,Шевченківський (Київ),0,0
6500.0,1,1,38.0,6.0,2 кімнати,Не вказано,Євроремонт,Одеса,Приморський (Одеса),0,0
10000.0,2,5,36.0,10.0,1 кімната,З меблями,Євроремонт,Івано-Франківськ,Невідомо,0,0
7000.0,13,17,33.0,10.0,1 кімната,З меблями,Євроремонт,Одеса,Приморський (Одеса),0,0
30000.0,2,24,75.0,12.0,3 кімнати,З меблями,Житловий стан,Київ,Дніпровський (Київ),0,0
11000.0,8,10,30.0,8.0,1 кімната,Не вказано,Євроремонт,Інше,Невідомо,0,0
10000.0,3,5,33.0,7.0,1 кімната,З меблями,Євроремонт,Полтава,Невідомо,0,0
8000.0,6,9,88.0,8.0,4 кімнати,З меблями,Не вказано,Житомир,Невідомо,0,0
11000.0,4,14,42.0,10.0,1 кімната,З меблями,Євроремонт,Київ,Солом'янський (Київ),0,0
8000.0,6,10,52.0,8.0,2 кімнати,З меблями,Житловий стан,Кам'янське,Невідомо,1,0
6000.0,2,9,68.0,8.0,3 кімнати,З меблями,Житловий стан,Інше,Невідомо,0,0
10000.0,3,5,44.0,7.0,2 кімнати,З меблями,Не вказано,Житомир,Невідомо,0,0
7500.0,4,10,48.0,8.0,2 кімнати,Не вказано,Не вказано,Суми,Невідомо,0,0
12000.0,9,9,80.0,10.0,3 кімнати,З меблями,Євроремонт,Івано-Франківськ,Невідомо,0,0
12000.0,6,9,47.0,8.0,2 кімнати,З меблями,Євроремонт,Кривий Ріг,Невідомо,0,0
12000.0,6,10,50.0,10.0,1 кімната,З меблями,Євроремонт,Запоріжжя,Невідомо,0,0
6000.0,2,5,49.0,6.0,2 кімнати,З меблями,Косметичний ремонт,Харків,Слобідський (Харків),0,0
6000.0,8,12,50.0,9.0,2 кімнати,З меблями,Євроремонт,Харків,Шевченківський  (Харків),0,0
13000.0,12,16,80.0,7.0,3 кімнати,Не вказано,Не вказано,Київ,Дніпровський (Київ),1,0
6500.0,4,4,75.0,8.0,3 кімнати,З меблями,Житловий стан,Запоріжжя,Невідомо,0,0
6800.0,4,5,32.0,7.0,1 кімната,З меблями,Житловий стан,Одеса,Приморський (Одеса),0,0
7000.0,5,9,65.0,7.5,2 кімнати,Не вказано,Не вказано,Луцьк,Невідомо,0,0
30434.0,7,16,71.0,24.0,2 кімнати,З меблями,Авторський проект,Львів,Франківський (Львів),0,0
4500.0,1,2,21.0,7.0,1 кімната,З меблями,Косметичний ремонт,Одеса,Приморський (Одеса),0,0
4999.0,3,9,27.0,6.0,1 кімната,Не вказано,Не вказано,Харків,Шевченківський  (Харків),0,0
5000.0,1,5,30.0,8.0,1 кімната,З меблями,Житловий стан,Миколаїв,Центральний (Миколаїв),0,0
6000.0,4,5,33.0,5.0,1 кімната,З меблями,Євроремонт,Харків,Немишлянський (Харків),0,0
8000.0,10,24,44.0,14.0,1 кімната,Не вказано,Не вказано,Одеса,Київський (Одеса),0,0
13000.0,7,16,42.0,25.0,1 кімната,З меблями,Євроремонт,Одеса,Хаджибейський (Одеса),1,0
3000.0,5,7,20.0,5.0,1 кімната,Не вказано,Не вказано,Харків,Салтівський (Харків),0,0
8000.0,6,9,42.0,11.0,1 кімната,З меблями,Євроремонт,Харків,Слобідський (Харків),0,0
3500.0,7,7,24.0,10.0,1 кімната,З меблями,Не вказано,Харків,Шевченківський  (Харків),0,0
7500.0,7,9,64.0,7.0,2 кімнати,З меблями,Євроремонт,Харків,Невідомо,0,0
3500.0,6,9,38.0,8.0,1 кімната,З меблями,Не вказано,Харків,Салтівський (Харків),0,0
18000.0,12,12,64.0,27.0,5+ кімнат,З меблями,Авторський проект,Інше,Невідомо,0,0
11990.0,11,13,60.0,35.0,2 кімнати,З меблями,Авторський проект,Одеса,Приморський (Одеса),1,1
9000.0,18,19,54.0,10.0,2 кімнати,З меблями,Житловий стан,Одеса,Приморський (Одеса),0,0
25159.0,6,10,80.0,20.0,2 кімнати,З меблями,Авторський проект,Львів,Личаківський (Львів),0,0
14000.0,16,17,74.0,32.0,3 кімнати,З меблями,Євроремонт,Харків,Основ'янський (Харків),0,0
4000.0,1,3,25.0,3.0,1 кімната,З меблями,Косметичний ремонт,Інше,Невідомо,0,0
40579.0,3,9,78.0,20.0,3 кімнати,З меблями,Авторський проект,Київ,Солом'янський (Київ),0,0
52752.0,3,20,56.0,20.0,2 кімнати,Не вказано,Не вказано,Київ,Печерський (Київ),0,0
28405.0,2,26,52.0,20.0,1 кімната,З меблями,Євроремонт,Київ,Солом'янський (Київ),0,0
12000.0,7,9,49.0,7.0,2 кімнати,З меблями,Не вказано,Кам'янське,Невідомо,1,0
3800.0,7,9,27.0,7.1,1 кімната,З меблями,Косметичний ремонт,Харків,Індустріальний (Харків),0,0
1000.0,4,5,31.0,6.0,1 кімната,З меблями,Житловий стан,Харків,Слобідський (Харків),0,0
10000.0,4,4,30.0,8.0,1 кімната,З меблями,Авторський проект,Львів,Галицький (Львів),0,1
10000.0,3,5,70.0,8.0,4 кімнати,З меблями,Не вказано,Краматорськ,Невідомо,0,0
11000.0,5,6,38.2,7.0,1 кімната,Не вказано,Косметичний ремонт,Інше,Невідомо,0,0
12000.0,1,1,40.0,12.0,1 кімната,З меблями,Євроремонт,Івано-Франківськ,Невідомо,0,0
14500.0,2,11,36.0,16.0,1 кімната,Не вказано,Євроремонт,Софіївська Борщагівка,Невідомо,0,0
10000.0,1,5,69.0,9.0,3 кімнати,З меблями,Не вказано,Умань,Невідомо,0,0
10000.0,2,9,65.0,7.0,3 кімнати,З меблями,Косметичний ремонт,Вінниця,Ленінський (Вінниця),0,0
6000.0,4,5,29.0,6.0,1 кімната,З меблями,Косметичний ремонт,Харків,Слобідський (Харків),0,0
7000.0,1,10,45.0,12.0,1 кімната,З меблями,Житловий стан,Тернопіль,Невідомо,0,0
48694.0,17,25,55.0,25.0,2 кімнати,З меблями,Не вказано,Київ,Печерський (Київ),0,0
18999.0,1,9,40.0,20.0,1 кімната,З меблями,Авторський проект,Ужгород,Невідомо,0,0
5000.0,2,9,38.0,16.0,2 кімнати,З меблями,Косметичний ремонт,Луцьк,Невідомо,0,0
8000.0,2,2,38.0,14.0,1 кімната,З меблями,Євроремонт,Інше,Невідомо,0,0
3000.0,10,14,45.0,8.0,1 кімната,З меблями,Косметичний ремонт,Харків,Невідомо,0,0
9000.0,7,9,45.0,9.0,2 кімнати,З меблями,Косметичний ремонт,Київ,Невідомо,0,0
6500.0,11,11,22.0,5.0,1 кімната,З меблями,Євроремонт,Бориспіль,Невідомо,0,0
5500.0,2,2,40.0,10.0,1 кімната,З меблями,Косметичний ремонт,Одеса,Приморський (Одеса),0,0
6900.0,12,14,47.0,6.0,2 кімнати,З меблями,Не вказано,Костянтинівка,Невідомо,0,0
12000.0,1,5,50.0,8.0,2 кімнати,З меблями,Не вказано,Ужгород,Невідомо,0,0
8000.0,1,1,32.0,8.0,1 кімната,Не вказано,Косметичний ремонт,Дніпро,Індустріальний (Дніпро),0,0
6500.0,9,9,55.0,9.0,2 кімнати,З меблями,Не вказано,Запоріжжя,Невідомо,0,0
11000.0,7,10,53.0,12.0,2 кімнати,З меблями,Євроремонт,Івано-Франківськ,Невідомо,0,0
10250.0,9,10,28.0,7.0,1 кімната,З меблями,Авторський проект,Одеса,Хаджибейський (Одеса),1,1
7000.0,1,9,36.0,7.0,1 кімната,З меблями,Не вказано,Черкаси,Невідомо,0,0
20289.0,2,18,112.0,12.0,3 кімнати,З меблями,Не вказано,Одеса,Приморський (Одеса),0,0
3300.0,3,9,41.0,8.0,1 кімната,З меблями,Косметичний ремонт,Миколаїв,Невідомо,1,0
12000.0,5,9,75.0,18.0,2 кімнати,З меблями,Косметичний ремонт,Одеса,Приморський (Одеса),0,0
22000.0,9,15,85.0,20.0,3 кімнати,З меблями,Авторський проект,Хмельницький,Невідомо,1,1
13000.0,2,2,75.0,25.0,1 кімната,З меблями,Євроремонт,Хмельницький,Невідомо,0,0
5000.0,3,5,36.0,8.0,1 кімната,З меблями,Житловий стан,Харків,Основ'янський (Харків),0,0
10000.0,1,5,54.0,5.0,3 кімнати,З меблями,Косметичний ремонт,Миколаїв,Центральний (Миколаїв),0,0
28405.0,2,2,100.0,30.0,3 кімнати,З меблями,Авторський проект,Одеса,Приморський (Одеса),0,0
17000.0,3,9,48.0,8.0,2 кімнати,З меблями,Авторський проект,Дніпро,Соборний (Дніпро),1,0
7000.0,9,13,45.0,12.0,1 кімната,З меблями,Не вказано,Харків,Салтівський (Харків),0,0
25000.0,12,25,64.0,16.0,2 кімнати,З меблями,Євроремонт,Інше,Невідомо,0,0
20289.0,16,23,70.0,20.0,1 кімната,З меблями,Авторський проект,Одеса,Приморський (Одеса),0,0
24347.0,4,12,120.0,20.0,3 кімнати,Не вказано,Євроремонт,Чайки,Невідомо,0,0
97389.0,22,25,76.0,20.0,2 кімнати,З меблями,Євроремонт,Київ,Печерський (Київ),0,0
40579.0,8,22,90.0,22.0,3 кімнати,З меблями,Авторський проект,Дніпро,Центральний (Дніпро),0,0
8000.0,6,9,72.0,10.0,2 кімнати,З меблями,Косметичний ремонт,Запоріжжя,Невідомо,0,0
89273.0,1,5,150.0,25.0,3 кімнати,З меблями,Авторський проект,Дніпро,Соборний (Дніпро),0,0
34492.0,6,11,80.0,20.0,3 кімнати,З меблями,Авторський проект,Дніпро,Центральний (Дніпро),0,0
121736.0,5,7,125.0,15.0,3 кімнати,Не вказано,Не вказано,Київ,Шевченківський (Київ),0,0
7500.0,4,5,45.0,7.0,2 кімнати,Не вказано,Не вказано,Полтава,Невідомо,0,0
4800.0,3,5,38.0,6.0,1 кімната,Не вказано,Євроремонт,Харків,Салтівський (Харків),0,0
26000.0,17,26,120.0,36.0,3 кімнати,З меблями,Авторський проект,Київ,Святошинський (Київ),0,0
12000.0,4,4,64.0,9.0,3 кімнати,З меблями,Євроремонт,Інше,Невідомо,0,0
15000.0,1,3,50.0,7.0,1 кімната,З меблями,Євроремонт,Ужгород,Невідомо,0,0
11500.0,2,25,55.0,10.0,1 кімната,З меблями,Євроремонт,Київ,Голосіївський (Київ),0,0
10000.0,4,6,46.0,14.2,1 кімната,З меблями,Євроремонт,Дніпро,Шевченківський (Дніпро),0,0
12000.0,6,9,65.7,18.2,2 кімнати,З меблями,Євроремонт,Дніпро,Індустріальний (Дніпро),0,0
158257.0,17,25,138.0,30.0,2 кімнати,З меблями,Авторський проект,Київ,Печерський (Київ),0,0
56810.0,3,17,248.0,35.0,5+ кімнат,З меблями,Не вказано,Київ,Солом'янський (Київ),0,0
9000.0,12,16,43.0,10.0,1 кімната,Не вказано,Житловий стан,Київ,Невідомо,0,0
11999.0,20,24,85.0,20.0,2 кімнати,З меблями,Євроремонт,Одеса,Приморський (Одеса),1,1
6500.0,7,16,30.0,5.0,1 кімната,З меблями,Не вказано,Одеса,Хаджибейський (Одеса),0,0
2500.0,5,5,35.0,15.0,2 кімнати,З меблями,Не вказано,Інше,Невідомо,0,0
14000.0,2,10,50.0,10.0,2 кімнати,З меблями,Авторський проект,Луцьк,Невідомо,0,0
8000.0,13,24,45.0,16.0,1 кімната,З меблями,Не вказано,Одеса,Київський (Одеса),0,0
7500.0,6,24,36.0,6.0,1 кімната,З меблями,Євроремонт,Одеса,Київський (Одеса),0,0
2500.0,1,6,20.0,5.0,1 кімната,Не вказано,Євроремонт,Харків,Київський (Харків),0,0
6500.0,3,9,40.0,7.0,2 кімнати,З меблями,Житловий стан,Одеса,Пересипський (Одеса),0,0
2500.0,1,1,12.0,4.0,1 кімната,Не вказано,Не вказано,Одеса,Приморський (Одеса),0,0
11000.0,5,9,46.0,14.0,1 кімната,З меблями,Авторський проект,Харків,Основ'янський (Харків),0,0
9600.0,8,9,60.0,8.0,3 кімнати,З меблями,Євроремонт,Одеса,Київський (Одеса),0,0
14000.0,16,28,26.0,2.0,1 кімната,З меблями,Євроремонт,Київ,Дарницький (Київ),0,0
11999.0,18,25,55.0,20.0,1 кімната,З меблями,Євроремонт,Одеса,Приморський (Одеса),1,1
6000.0,6,9,30.0,6.0,1 кімната,З меблями,Євроремонт,Запоріжжя,Дніпровський (Запоріжжя),1,0
13500.0,2,25,93.0,12.0,3 кімнати,Не вказано,Житловий стан,Київ,Дарницький (Київ),0,0
10000.0,2,4,55.0,9.0,2 кімнати,З меблями,Не вказано,Київ,Дарницький (Київ),0,0
4000.0,2,5,32.0,5.0,1 кімната,З меблями,Житловий стан,Кременчук,Невідомо,0,0
5500.0,4,9,55.0,8.0,2 кімнати,З меблями,Не вказано,Інше,Невідомо,0,0
15000.0,1,2,70.0,8.0,2 кімнати,З меблями,Євроремонт,Ужгород,Невідомо,0,0
13000.0,6,10,42.0,17.0,1 кімната,З меблями,Авторський проект,Запоріжжя,Дніпровський (Запоріжжя),0,0
15000.0,4,9,70.0,8.0,3 кімнати,З меблями,Євроремонт,Полтава,Невідомо,0,0
12000.0,13,17,78.4,11.3,2 кімнати,З меблями,Авторський проект,Миколаїв,Невідомо,0,0
20000.0,3,9,86.0,9.0,3 кімнати,Не вказано,Не вказано,Біла Церква,Невідомо,0,0
13500.0,7,9,65.0,10.0,3 кімнати,З меблями,Житловий стан,Дніпро,Шевченківський (Дніпро),0,0
24347.0,2,2,64.0,14.0,2 кімнати,Не вказано,Євроремонт,Ужгород,Невідомо,0,0
17500.0,9,24,40.0,10.0,1 кімната,З меблями,Євроремонт,Дніпро,Центральний (Дніпро),0,0
20289.0,12,25,40.0,12.0,1 кімната,З меблями,Не вказано,Київ,Голосіївський (Київ),0,0
16231.0,5,11,48.0,15.0,1 кімната,З меблями,Євроремонт,Івано-Франківськ,Невідомо,0,0
16231.0,3,4,52.0,20.0,2 кімнати,З меблями,Авторський проект,Івано-Франківськ,Невідомо,0,0
12174.0,4,5,65.0,10.0,2 кімнати,З меблями,Не вказано,Інше,Невідомо,0,0
42608.0,22,24,50.0,17.0,1 кімната,З меблями,Авторський проект,Київ,Шевченківський (Київ),0,0
7500.0,2,9,41.0,10.0,1 кімната,З меблями,Євроремонт,Харків,Індустріальний (Харків),0,0
24000.0,18,25,45.0,21.0,1 кімната,З меблями,Євроремонт,Київ,Дарницький (Київ),0,0
8000.0,2,5,42.0,6.0,2 кімнати,З меблями,Житловий стан,Житомир,Невідомо,0,0
56810.0,5,21,53.0,20.0,2 кімнати,З меблями,Авторський проект,Київ,Печерський (Київ),1,0
8000.0,3,9,65.0,8.0,3 кімнати,З меблями,Євроремонт,Харків,Слобідський (Харків),0,0
6500.0,9,9,32.0,7.0,1 кімната,З меблями,Житловий стан,Дніпро,Центральний (Дніпро),0,0
4000.0,2,4,26.6,5.0,1 кімната,Не вказано,Не вказано,Інше,Невідомо,0,0
13000.0,9,27,60.0,12.0,2 кімнати,З меблями,Євроремонт,Київ,Дарницький (Київ),0,0
9500.0,11,18,30.0,10.0,1 кімната,З меблями,Євроремонт,Київ,Дніпровський (Київ),0,0
15000.0,6,24,40.0,15.0,1 кімната,З меблями,Євроремонт,Одеса,Приморський (Одеса),0,0
17000.0,1,5,69.0,12.0,2 кімнати,З меблями,Євроремонт,Софіївська Борщагівка,Невідомо,0,0
12000.0,8,10,45.1,16.0,1 кімната,З меблями,Євроремонт,Одеса,Київський (Одеса),0,0
4000.0,3,5,33.0,4.0,1 кімната,Не вказано,Не вказано,Харків,Слобідський (Харків),0,0
4500.0,8,9,35.0,8.0,1 кімната,З меблями,Не вказано,Харків,Холодногірський (Харків),1,0
6500.0,17,17,43.0,15.0,1 кімната,З меблями,Євроремонт,Одеса,Київський (Одеса),1,0
9000.0,9,10,50.0,8.0,2 кімнати,З меблями,Житловий стан,Київ,Солом'янський (Київ),0,0
15000.0,5,10,67.0,10.0,2 кімнати,З меблями,Авторський проект,Луцьк,Невідомо,1,0
8000.0,1,5,65.0,7.0,3 кімнати,Не вказано,Косметичний ремонт,Миколаїв,Центральний (Миколаїв),0,0
10000.0,15,25,42.0,18.0,1 кімната,З меблями,Косметичний ремонт,Бровари,Невідомо,0,0
10000.0,5,9,34.0,8.0,1 кімната,З меблями,Не вказано,Київ,Святошинський (Київ),0,0
22318.0,4,10,41.0,21.0,1 кімната,З меблями,Авторський проект,Львів,Личаківський (Львів),1,0
9500.0,5,5,30.0,7.0,1 кімната,З меблями,Не вказано,Київ,Святошинський (Київ),0,0
8900.0,5,9,70.0,11.0,3 кімнати,З меблями,Євроремонт,Харків,Шевченківський  (Харків),0,0
12500.0,14,14,58.0,20.0,2 кімнати,З меблями,Авторський проект,Запоріжжя,Вознесенівський (Запоріжжя),0,0
28405.0,6,10,53.0,12.0,1 кімната,З меблями,Авторський проект,Львів,Сихівський (Львів),0,0
7500.0,13,20,46.0,12.0,1 кімната,З меблями,Євроремонт,Одеса,Пересипський (Одеса),0,0
8116.0,5,5,32.0,7.0,1 кімната,З меблями,Косметичний ремонт,Чернівці,Невідомо,0,0
18260.0,8,10,68.0,14.0,2 кімнати,З меблями,Авторський проект,Чернівці,Невідомо,0,0
13000.0,15,21,80.0,16.0,2 кімнати,З меблями,Євроремонт,Одеса,Київський (Одеса),0,0
9000.0,1,3,30.0,10.0,1 кімната,З меблями,Житловий стан,Львів,Галицький (Львів),0,0
8771.0,4,9,54.0,8.0,2 кімнати,Не вказано,Не вказано,Чернівці,Невідомо,0,0
11000.0,22,24,45.0,8.0,1 кімната,З меблями,Не вказано,Одеса,Приморський (Одеса),1,1
7000.0,5,5,60.0,6.0,3 кімнати,З меблями,Житловий стан,Дніпро,Індустріальний (Дніпро),0,0
2500.0,3,5,20.0,3.0,1 кімната,З меблями,Житловий стан,Харків,Київський (Харків),0,0
11000.0,11,25,45.0,20.0,1 кімната,З меблями,Євроремонт,Бровари,Невідомо,1,0
13000.0,3,10,65.0,25.0,2 кімнати,З меблями,Авторський проект,Харків,Київський (Харків),0,0
3500.0,3,5,56.5,25.5,3 кімнати,З меблями,Євроремонт,Харків,Шевченківський  (Харків),0,0
8000.0,1,2,25.0,5.0,1 кімната,Не вказано,Житловий стан,Бровари,Невідомо,0,0
6000.0,2,5,50.0,6.0,2 кімнати,З меблями,Євроремонт,Харків,Слобідський (Харків),0,0
4500.0,1,2,30.0,10.0,1 кімната,З меблями,Житловий стан,Миколаїв,Iнгульський (Миколаїв),0,0
38000.0,5,10,140.0,17.0,3 кімнати,З меблями,Євроремонт,Дніпро,Шевченківський (Дніпро),0,0
56810.0,4,21,53.0,17.0,2 кімнати,З меблями,Авторський проект,Київ,Печерський (Київ),1,0
22318.0,1,3,42.0,10.0,1 кімната,З меблями,Житловий стан,Львів,Сихівський (Львів),0,0
25000.0,4,4,80.0,14.0,3 кімнати,Не вказано,Євроремонт,Львів,Шевченківський (Львів),0,0
9000.0,5,5,15.0,4.0,1 кімната,Не вказано,Житловий стан,Львів,Галицький (Львів),0,0
12174.0,2,10,44.0,15.0,1 кімната,З меблями,Євроремонт,Івано-Франківськ,Невідомо,0,0
60868.0,12,21,55.0,20.0,2 кімнати,З меблями,Авторський проект,Київ,Печерський (Київ),1,0
12000.0,5,5,68.0,7.0,3 кімнати,З меблями,Євроремонт,Слов'янськ,Невідомо,0,0
16191.0,20,25,48.0,20.0,1 кімната,З меблями,Євроремонт,Одеса,Приморський (Одеса),1,1
11000.0,6,9,43.0,15.0,1 кімната,З меблями,Авторський проект,Івано-Франківськ,Невідомо,0,0
8500.0,2,5,29.0,5.0,1 кімната,З меблями,Косметичний ремонт,Київ,Голосіївський (Київ),0,0
7000.0,2,9,22.38,8.0,1 кімната,З меблями,Косметичний ремонт,Київ,Святошинський (Київ),0,0
10500.0,3,9,35.3,7.5,1 кімната,З меблями,Косметичний ремонт,Київ,Святошинський (Київ),0,0
6000.0,4,5,26.0,5.0,1 кімната,З меблями,Косметичний ремонт,Вишневе,Невідомо,0,0
4000.0,6,9,37.0,7.0,1 кімната,З меблями,Житловий стан,Інше,Невідомо,0,0
14000.0,2,5,47.0,8.0,2 кімнати,З меблями,Косметичний ремонт,Київ,Солом'янський (Київ),0,0
6000.0,7,9,47.0,6.0,2 кімнати,З меблями,Не вказано,Харків,Індустріальний (Харків),0,0
5500.0,3,16,60.0,8.0,2 кімнати,Не вказано,Не вказано,Одеса,Пересипський (Одеса),0,0
12000.0,3,4,40.0,25.0,1 кімната,З меблями,Авторський проект,Одеса,Приморський (Одеса),0,0
7304.0,1,10,23.0,6.0,1 кімната,З меблями,Євроремонт,Тернопіль,Невідомо,0,0
25000.0,8,10,77.0,10.0,3 кімнати,З меблями,Євроремонт,Київ,Дніпровський (Київ),0,0
15000.0,9,17,60.0,15.0,2 кімнати,З меблями,Не вказано,Одеса,Приморський (Одеса),0,0
18000.0,2,5,55.0,10.0,2 кімнати,Не вказано,Не вказано,Дніпро,Центральний (Дніпро),0,0
43000.0,5,12,100.0,25.0,4 кімнати,З меблями,Не вказано,Чайки,Невідомо,0,0
7500.0,10,12,55.0,12.0,1 кімната,З меблями,Євроремонт,Одеса,Приморський (Одеса),0,0
6000.0,14,16,52.0,10.0,2 кімнати,Не вказано,Євроремонт,Одеса,Хаджибейський (Одеса),0,0
8000.0,1,3,73.0,7.0,3 кімнати,З меблями,Косметичний ремонт,Черкаси,Невідомо,0,0
8000.0,4,5,18.5,6.0,1 кімната,З меблями,Не вказано,Новомосковськ,Невідомо,0,0
22318.0,15,24,47.0,1.0,1 кімната,З меблями,Авторський проект,Київ,Шевченківський (Київ),0,0
14000.0,3,6,150.0,15.0,3 кімнати,З меблями,Не вказано,Суми,Невідомо,0,0
16000.0,10,14,52.0,9.0,2 кімнати,З меблями,Житловий стан,Тернопіль,Невідомо,0,0
7000.0,1,5,65.0,7.0,3 кімнати,З меблями,Житловий стан,Краматорськ,Невідомо,0,0
32463.0,3,16,98.0,22.0,3 кімнати,З меблями,Євроремонт,Одеса,Приморський (Одеса),1,1
4000.0,4,11,40.0,7.5,1 кімната,З меблями,Не вказано,Харків,Київський (Харків),0,0
4500.0,6,9,30.0,6.0,1 кімната,З меблями,Не вказано,Одеса,Приморський (Одеса),0,0
20289.0,5,12,54.0,27.0,1 кімната,З меблями,Авторський проект,Львів,Залізничний (Львів),0,0
8000.0,9,9,60.0,10.0,3 кімнати,З меблями,Косметичний ремонт,Миколаїв,Iнгульський (Миколаїв),0,0
10000.0,1,5,61.0,7.0,3 кімнати,З меблями,Авторський проект,Дружківка,Невідомо,0,0
10000.0,1,9,66.0,8.0,3 кімнати,З меблями,Євроремонт,Миколаїв,Центральний (Миколаїв),0,0
8000.0,1,5,30.0,6.0,1 кімната,З меблями,Косметичний ремонт,Костянтинівка,Невідомо,0,0
8500.0,5,5,45.0,7.0,2 кімнати,З меблями,Не вказано,Дніпро,Центральний (Дніпро),0,0
26000.0,2,5,86.0,15.0,3 кімнати,З меблями,Євроремонт,Київ,Дніпровський (Київ),0,0
10145.0,2,6,40.0,10.0,1 кімната,Не вказано,Євроремонт,Тернопіль,Невідомо,0,0
16231.0,1,10,65.0,14.0,2 кімнати,З меблями,Євроремонт,Львів,Шевченківський (Львів),0,0
32463.0,4,5,90.0,35.0,2 кімнати,З меблями,Євроремонт,Львів,Шевченківський (Львів),0,0
10500.0,3,5,32.6,6.1,1 кімната,З меблями,Косметичний ремонт,Рівне,Невідомо,0,0
3800.0,9,9,36.0,9.0,1 кімната,З меблями,Житловий стан,Одеса,Пересипський (Одеса),0,0
52752.0,16,25,180.0,18.0,4 кімнати,З меблями,Авторський проект,Київ,Солом'янський (Київ),1,1
10500.0,3,10,54.0,7.7,2 кімнати,З меблями,Житловий стан,Черкаси,Невідомо,0,0
4000.0,5,9,33.0,7.0,1 кімната,З меблями,Косметичний ремонт,Харків,Шевченківський  (Харків),0,0
6000.0,9,9,55.0,9.0,2 кімнати,З меблями,Не вказано,Краматорськ,Невідомо,0,0
10964.0,5,5,60.0,9.0,2 кімнати,З меблями,Косметичний ремонт,Чернівці,Невідомо,0,0
5000.0,3,3,38.0,6.0,1 кімната,З меблями,Косметичний ремонт,Костянтинівка,Невідомо,0,0
12000.0,8,9,64.0,9.0,3 кімнати,З меблями,Євроремонт,Рівне,Невідомо,0,0
20289.0,1,4,71.0,9.0,3 кімнати,З меблями,Євроремонт,Чернівці,Невідомо,0,0
17542.0,5,6,68.0,10.0,2 кімнати,З меблями,Євроремонт,Чернівці,Невідомо,0,0
25000.0,3,24,62.0,20.0,2 кімнати,Не вказано,Не вказано,Дніпро,Соборний (Дніпро),0,0
32463.0,4,5,76.7,30.0,2 кімнати,З меблями,Авторський проект,Львів,Личаківський (Львів),0,0
5000.0,2,5,36.0,6.0,1 кімната,Не вказано,Не вказано,Чернігів,Невідомо,0,0
3500.0,3,5,48.0,5.0,2 кімнати,З меблями,Житловий стан,Інше,Невідомо,0,0
8116.0,1,5,47.0,9.0,2 кімнати,З меблями,Авторський проект,Одеса,Приморський (Одеса),0,0
9000.0,6,9,40.5,13.8,1 кімната,З меблями,Євроремонт,Дніпро,Індустріальний (Дніпро),0,0
22278.0,2,2,64.0,17.0,2 кімнати,З меблями,Авторський проект,Ужгород,Невідомо,0,0
5500.0,3,3,46.0,12.0,2 кімнати,Не вказано,Не вказано,Харків,Шевченківський  (Харків),0,0
3500.0,11,12,33.0,6.0,1 кімната,З меблями,Житловий стан,Харків,Київський (Харків),0,0
5000.0,3,5,30.0,6.0,1 кімната,Не вказано,Не вказано,Чернігів,Невідомо,0,0
7000.0,5,5,46.0,6.0,2 кімнати,З меблями,Косметичний ремонт,Полтава,Невідомо,0,0
6000.0,3,5,47.0,6.0,2 кімнати,Не вказано,Житловий стан,Костянтинівка,Невідомо,0,0
15000.0,9,10,42.0,20.0,2 кімнати,З меблями,Євроремонт,Дніпро,Центральний (Дніпро),0,0
20289.0,15,17,68.0,25.0,2 кімнати,З меблями,Авторський проект,Харків,Слобідський (Харків),0,0
3700.0,5,5,45.0,6.0,2 кімнати,З меблями,Житловий стан,Кривий Ріг,Невідомо,0,0
8000.0,1,4,43.0,17.0,2 кімнати,З меблями,Не вказано,Ірпінь,Невідомо,0,0
11000.0,6,9,40.0,12.0,1 кімната,З меблями,Євроремонт,Харків,Холодногірський (Харків),0,0
3000.0,1,2,38.0,9.0,1 кімната,З меблями,Косметичний ремонт,Харків,Холодногірський (Харків),0,0
18000.0,7,10,68.0,17.0,2 кімнати,З меблями,Не вказано,Луцьк,Невідомо,0,0
13000.0,4,23,60.0,16.0,2 кімнати,З меблями,Євроремонт,Харків,Шевченківський  (Харків),0,0
24000.0,7,16,56.0,9.0,2 кімнати,З меблями,Євроремонт,Дніпро,Центральний (Дніпро),0,0
6000.0,7,16,43.2,7.5,1 кімната,Не вказано,Не вказано,Одеса,Київський (Одеса),0,0
4000.0,3,16,50.0,9.0,2 кімнати,З меблями,Косметичний ремонт,Харків,Київський (Харків),0,0
20000.0,1,3,73.0,22.0,2 кімнати,З меблями,Євроремонт,Львів,Галицький (Львів),0,0
44637.0,6,18,72.0,20.0,3 кімнати,З меблями,Авторський проект,Дніпро,Соборний (Дніпро),0,0
12000.0,2,9,62.0,14.0,1 кімната,З меблями,Авторський проект,Буча,Невідомо,0,0
5000.0,1,6,24.0,10.0,1 кімната,З меблями,Євроремонт,Одеса,Приморський (Одеса),1,0
40376.0,4,4,116.0,20.0,3 кімнати,З меблями,Авторський проект,Львів,Галицький (Львів),0,0
39470.0,7,24,115.0,35.0,4 кімнати,З меблями,Євроремонт,Одеса,Приморський (Одеса),0,0
11000.0,5,9,45.0,8.0,2 кімнати,З меблями,Не вказано,Дніпро,Шевченківський (Дніпро),0,0
17000.0,15,19,50.0,10.0,2 кімнати,З меблями,Євроремонт,Дніпро,Центральний (Дніпро),0,0
10000.0,14,24,30.0,14.0,1 кімната,Не вказано,Не вказано,Одеса,Приморський (Одеса),0,0
10000.0,5,9,60.0,8.0,3 кімнати,З меблями,Євроремонт,Інше,Невідомо,0,0
22000.0,8,25,42.0,12.0,1 кімната,З меблями,Авторський проект,Дніпро,Соборний (Дніпро),0,0
22318.0,5,10,60.0,18.0,2 кімнати,З меблями,Євроремонт,Львів,Франківський (Львів),0,0
52752.0,3,5,120.0,29.0,3 кімнати,З меблями,Євроремонт,Київ,Шевченківський (Київ),0,0
48694.0,11,16,90.0,15.0,3 кімнати,З меблями,Авторський проект,Київ,Печерський (Київ),0,0
13000.0,1,3,45.0,17.0,1 кімната,З меблями,Авторський проект,Рівне,Невідомо,0,0
19000.0,7,10,62.0,15.0,2 кімнати,Не вказано,Не вказано,Львів,Шевченківський (Львів),0,0
12000.0,3,3,37.0,10.0,1 кімната,З меблями,Євроремонт,Львів,Галицький (Львів),0,0
4500.0,1,5,29.0,6.0,1 кімната,Не вказано,Не вказано,Запоріжжя,Вознесенівський (Запоріжжя),0,0
8000.0,5,5,65.0,7.0,3 кімнати,З меблями,Житловий стан,Костянтинівка,Невідомо,0,0
13000.0,5,9,36.0,9.0,2 кімнати,З меблями,Євроремонт,Дніпро,Шевченківський (Дніпро),0,0
7500.0,4,5,47.0,8.0,2 кімнати,З меблями,Косметичний ремонт,Хмельницький,Невідомо,0,0
5500.0,2,3,25.0,6.0,1 кімната,З меблями,Євроремонт,Одеса,Приморський (Одеса),0,0
3000.0,1,2,17.0,1.5,1 кімната,З меблями,Житловий стан,Харків,Немишлянський (Харків),0,0
14000.0,12,25,42.0,15.0,1 кімната,З меблями,Євроремонт,Київ,Святошинський (Київ),0,0
34000.0,22,36,53.0,11.0,1 кімната,З меблями,Авторський проект,Київ,Шевченківський (Київ),0,0
13000.0,4,11,45.0,10.0,1 кімната,З меблями,Євроремонт,Чайки,Невідомо,1,0
6000.0,5,9,61.0,7.0,3 кімнати,З меблями,Не вказано,Миколаїв,Центральний (Миколаїв),0,0
7000.0,5,12,39.0,8.0,1 кімната,З меблями,Косметичний ремонт,Дніпро,Шевченківський (Дніпро),0,0
7000.0,1,5,47.0,6.0,2 кімнати,З меблями,Косметичний ремонт,Дніпро,Невідомо,0,0
6000.0,15,16,57.0,12.0,2 кімнати,З меблями,Косметичний ремонт,Київ,Голосіївський (Київ),0,0
6500.0,4,9,65.0,9.0,3 кімнати,Не вказано,Не вказано,Одеса,Київський (Одеса),0,0
9000.0,4,9,68.0,9.0,2 кімнати,З меблями,Євроремонт,Харків,Індустріальний (Харків),0,0
6000.0,2,5,30.0,6.0,1 кімната,З меблями,Житловий стан,Одеса,Приморський (Одеса),0,0
12000.0,6,9,50.0,9.0,2 кімнати,З меблями,Євроремонт,Дніпро,Невідомо,0,0
9000.0,1,9,35.0,35.0,1 кімната,З меблями,Не вказано,Кропивницький,Фортечний (Кропивницький),0,0
7000.0,3,9,33.0,7.0,1 кімната,Не вказано,Не вказано,Київ,Подільський (Київ),0,0
6500.0,2,9,44.0,7.0,2 кімнати,З меблями,Євроремонт,Інженерний,Невідомо,0,0
2500.0,1,2,18.0,6.0,1 кімната,З меблями,Не вказано,Херсон,Невідомо,0,0
50723.0,5,26,100.0,25.0,2 кімнати,З меблями,Авторський проект,Дніпро,Соборний (Дніпро),0,0
8500.0,4,9,37.0,9.0,1 кімната,З меблями,Не вказано,Дніпро,Центральний (Дніпро),1,0
40579.0,6,24,58.1,26.5,2 кімнати,З меблями,Авторський проект,Київ,Шевченківський (Київ),0,0
12000.0,2,4,45.0,16.0,1 кімната,З меблями,Євроремонт,Рівне,Невідомо,0,0
27000.0,2,25,82.0,35.0,3 кімнати,З меблями,Євроремонт,Київ,Дарницький (Київ),0,0
16231.0,6,25,65.0,30.0,2 кімнати,З меблями,Євроремонт,Одеса,Приморський (Одеса),0,0
16000.0,6,9,46.0,16.0,1 кімната,З меблями,Євроремонт,Львів,Личаківський (Львів),0,0
12000.0,18,18,55.0,8.0,2 кімнати,З меблями,Житловий стан,Інше,Невідомо,0,0
11000.0,4,5,34.0,10.0,1 кімната,З меблями,Євроремонт,Львів,Залізничний (Львів),0,0
12174.0,8,9,45.0,12.0,1 кімната,З меблями,Євроремонт,Ужгород,Невідомо,0,0
4500.0,7,12,33.0,6.0,1 кімната,Не вказано,Не вказано,Харків,Київський (Харків),0,0
16000.0,5,11,50.0,25.0,1 кімната,З меблями,Євроремонт,Чернігів,Невідомо,0,0
7500.0,3,7,30.0,7.0,1 кімната,З меблями,Авторський проект,Харків,Немишлянський (Харків),0,0
15000.0,3,4,62.0,10.0,3 кімнати,З меблями,Євроремонт,Дніпро,Чечелівський (Дніпро),0,0
18000.0,22,25,70.0,15.0,2 кімнати,З меблями,Євроремонт,Одеса,Приморський (Одеса),1,0
22000.0,4,8,52.0,15.0,2 кімнати,З меблями,Авторський проект,Вінниця,Ленінський (Вінниця),0,0
20289.0,4,10,70.0,15.0,2 кімнати,З меблями,Євроремонт,Львів,Шевченківський (Львів),0,0
19000.0,4,5,101.0,14.0,3 кімнати,З меблями,Євроремонт,Рівне,Невідомо,0,0
22318.0,23,25,70.0,15.0,2 кімнати,З меблями,Євроремонт,Одеса,Приморський (Одеса),0,0
28990.0,14,25,96.0,18.0,3 кімнати,З меблями,Євроремонт,Київ,Солом'янський (Київ),0,0
10000.0,20,24,55.0,15.0,1 кімната,З меблями,Не вказано,Одеса,Київський (Одеса),0,0
30434.0,6,8,101.0,25.0,4 кімнати,З меблями,Авторський проект,Одеса,Приморський (Одеса),0,1
20000.0,3,7,50.0,18.0,2 кімнати,З меблями,Євроремонт,Ужгород,Невідомо,1,0
10500.0,1,2,45.0,16.0,1 кімната,З меблями,Не вказано,Інше,Невідомо,0,0
8000.0,3,9,68.0,10.0,3 кімнати,З меблями,Косметичний ремонт,Харків,Основ'янський (Харків),0,0
4500.0,5,5,33.0,6.0,1 кімната,З меблями,Житловий стан,Харків,Індустріальний (Харків),0,0
12000.0,12,25,51.0,18.0,2 кімнати,З меблями,Євроремонт,Бровари,Невідомо,0,0
3000.0,2,9,36.0,6.0,1 кімната,Не вказано,Житловий стан,Одеса,Київський (Одеса),0,0
5500.0,3,9,36.0,9.0,1 кімната,Не вказано,Не вказано,Біла Церква,Невідомо,0,0
10000.0,1,1,100.0,18.0,3 кімнати,З меблями,Житловий стан,Інше,Невідомо,0,0
26376.0,9,10,71.0,13.0,2 кімнати,З меблями,Євроремонт,Львів,Личаківський (Львів),1,0
8000.0,3,9,48.0,10.0,1 кімната,З меблями,Євроремонт,Харків,Немишлянський (Харків),0,0
18000.0,10,24,45.0,12.0,1 кімната,З меблями,Євроремонт,Київ,Голосіївський (Київ),0,0
7000.0,4,5,31.0,6.0,1 кімната,З меблями,Авторський проект,Кременчук,Невідомо,0,0
5400.0,1,5,62.0,20.0,3 кімнати,З меблями,Євроремонт,Харків,Шевченківський  (Харків),0,0
4500.0,4,9,36.0,7.0,1 кімната,З меблями,Не вказано,Харків,Шевченківський  (Харків),0,0
12000.0,5,10,45.0,12.0,1 кімната,З меблями,Євроремонт,Біла Церква,Невідомо,0,0
6800.0,4,5,32.0,7.0,1 кімната,Не вказано,Житловий стан,Одеса,Приморський (Одеса),0,0
24347.0,17,25,72.0,21.0,2 кімнати,З меблями,Не вказано,Київ,Шевченківський (Київ),1,1
32463.0,8,10,130.0,20.0,3 кімнати,З меблями,Євроремонт,Львів,Залізничний (Львів),0,0
7000.0,14,16,40.0,20.0,2 кімнати,З меблями,Не вказано,Харків,Слобідський (Харків),1,0
18000.0,5,5,50.0,30.0,2 кімнати,З меблями,Не вказано,Дніпро,Центральний (Дніпро),0,0
12174.0,3,9,67.0,10.0,3 кімнати,З меблями,Євроремонт,Дніпро,Соборний (Дніпро),0,0
3000.0,2,5,40.0,9.0,1 кімната,З меблями,Косметичний ремонт,Харків,Шевченківський  (Харків),0,0
14000.0,2,9,48.0,8.0,2 кімнати,З меблями,Євроремонт,Вінниця,Невідомо,0,0
14000.0,10,25,48.0,12.0,1 кімната,Не вказано,Не вказано,Київ,Солом'янський (Київ),0,0
13000.0,10,10,52.0,12.0,2 кімнати,З меблями,Євроремонт,Вишневе,Невідомо,1,0
4500.0,2,9,33.0,7.0,1 кімната,Не вказано,Не вказано,Харків,Шевченківський  (Харків),0,0
8000.0,1,5,42.0,15.0,1 кімната,З меблями,Косметичний ремонт,Костянтинівка,Невідомо,0,1
11000.0,4,9,67.0,9.0,3 кімнати,З меблями,Не вказано,Біла Церква,Невідомо,0,0
8000.0,5,5,62.0,8.0,3 кімнати,З меблями,Косметичний ремонт,Стрий,Невідомо,0,0
6000.0,10,12,33.0,8.0,1 кімната,З меблями,Не вказано,Харків,Салтівський (Харків),0,0
6000.0,7,9,38.0,7.0,1 кімната,З меблями,Косметичний ремонт,Харків,Немишлянський (Харків),0,0
7000.0,2,9,40.0,8.0,1 кімната,Не вказано,Євроремонт,Харків,Індустріальний (Харків),0,0
28405.0,7,8,126.0,20.0,2 кімнати,З меблями,Євроремонт,Одеса,Приморський (Одеса),1,1
89273.0,1,5,150.0,25.0,3 кімнати,З меблями,Авторський проект,Дніпро,Центральний (Дніпро),1,0
35000.0,4,5,140.0,15.0,3 кімнати,З меблями,Євроремонт,Кременчук,Невідомо,0,0
64926.0,2,3,83.0,25.0,2 кімнати,Не вказано,Авторський проект,Ужгород,Невідомо,0,0
15000.0,1,10,72.0,14.0,2 кімнати,З меблями,Євроремонт,Луцьк,Невідомо,0,0
5500.0,10,10,35.0,7.0,1 кімната,З меблями,Косметичний ремонт,Хмельницький,Невідомо,0,0
4000.0,8,9,45.0,8.0,2 кімнати,З меблями,Не вказано,Харків,Слобідський (Харків),0,0
11000.0,7,9,60.0,12.0,3 кімнати,З меблями,Косметичний ремонт,Рівне,Невідомо,0,0
4500.0,2,3,35.0,11.0,1 кімната,З меблями,Косметичний ремонт,Харків,Холодногірський (Харків),0,0
4000.0,2,4,24.0,3.0,1 кімната,З меблями,Євроремонт,Харків,Київський (Харків),0,1
7000.0,3,5,31.0,5.6,1 кімната,З меблями,Косметичний ремонт,Черкаси,Невідомо,0,0
7500.0,4,9,50.0,8.0,2 кімнати,З меблями,Не вказано,Полтава,Невідомо,0,0
6000.0,5,9,46.0,7.0,2 кімнати,З меблями,Не вказано,Кривий Ріг,Невідомо,0,0
7000.0,5,10,60.0,10.0,2 кімнати,Не вказано,Косметичний ремонт,Одеса,Хаджибейський (Одеса),0,0
6500.0,2,2,45.0,6.0,2 кімнати,З меблями,Не вказано,Хмельницький,Невідомо,0,0
20249.0,1,2,115.0,60.0,3 кімнати,З меблями,Євроремонт,Львів,Шевченківський (Львів),0,0
15000.0,7,7,75.0,14.0,2 кімнати,З меблями,Євроремонт,Миколаїв,Заводський (Миколаїв),0,0
14000.0,11,12,55.0,20.0,1 кімната,З меблями,Євроремонт,Тернопіль,Невідомо,0,0
4000.0,3,16,50.0,9.0,2 кімнати,Не вказано,Не вказано,Харків,Індустріальний (Харків),0,0
7000.0,3,5,33.11,6.21,1 кімната,З меблями,Авторський проект,Запоріжжя,Вознесенівський (Запоріжжя),0,0
10000.0,2,9,40.0,20.0,1 кімната,Не вказано,Не вказано,Харків,Холодногірський (Харків),1,0
4000.0,8,9,22.0,5.0,1 кімната,Не вказано,Косметичний ремонт,Умань,Невідомо,0,0
105505.0,3,3,160.0,20.0,5+ кімнат,З меблями,Авторський проект,Київ,Подільський (Київ),0,0
14600.0,2,4,60.0,9.0,3 кімнати,З меблями,Житловий стан,Дніпро,Чечелівський (Дніпро),0,1
14203.0,6,9,50.0,10.0,2 кімнати,З меблями,Євроремонт,Ужгород,Невідомо,0,0
2000.0,1,1,50.0,5.0,4 кімнати,З меблями,Житловий стан,Кропивницький,Фортечний (Кропивницький),0,0
13000.0,12,18,72.0,10.0,3 кімнати,З меблями,Євроремонт,Дніпро,Чечелівський (Дніпро),0,0
36521.0,4,9,110.0,20.0,3 кімнати,З меблями,Авторський проект,Одеса,Приморський (Одеса),0,0
13000.0,1,3,130.0,40.0,3 кімнати,З меблями,Євроремонт,Суми,Невідомо,0,0
11000.0,9,9,68.0,12.0,3 кімнати,З меблями,Євроремонт,Запоріжжя,Дніпровський (Запоріжжя),0,0
25000.0,12,24,47.0,11.0,2 кімнати,З меблями,Євроремонт,Дніпро,Соборний (Дніпро),0,0
14203.0,8,15,42.0,12.0,1 кімната,З меблями,Євроремонт,Тернопіль,Невідомо,0,0
24347.0,3,9,50.0,18.0,1 кімната,З меблями,Авторський проект,Ужгород,Невідомо,0,0
11500.0,6,9,85.0,15.0,3 кімнати,З меблями,Євроремонт,Івано-Франківськ,Невідомо,0,0
28405.0,7,16,46.0,18.0,1 кімната,З меблями,Не вказано,Львів,Шевченківський (Львів),0,0
57000.0,3,6,134.0,14.0,4 кімнати,З меблями,Авторський проект,Львів,Личаківський (Львів),1,0
8000.0,1,5,45.0,6.0,2 кімнати,Не вказано,Не вказано,Дніпро,Центральний (Дніпро),0,0
57013.0,23,26,138.0,30.0,5+ кімнат,З меблями,Авторський проект,Київ,Дніпровський (Київ),0,0
24347.0,9,12,41.0,18.0,1 кімната,З меблями,Не вказано,Львів,Шевченківський (Львів),0,0
18260.0,6,10,49.0,12.0,1 кімната,З меблями,Не вказано,Львів,Франківський (Львів),0,0
24347.0,8,15,45.0,18.0,1 кімната,З меблями,Авторський проект,Львів,Шевченківський (Львів),0,0
154199.0,5,30,130.0,30.0,4 кімнати,З меблями,Авторський проект,Київ,Печерський (Київ),1,1
6000.0,3,3,23.0,6.0,1 кімната,З меблями,Не вказано,Одеса,Приморський (Одеса),0,0
20000.0,5,25,57.0,10.0,2 кімнати,Не вказано,Не вказано,Дніпро,Центральний (Дніпро),0,0
9000.0,2,3,40.0,9.0,2 кімнати,З меблями,Євроремонт,Одеса,Приморський (Одеса),0,0
14500.0,8,9,52.0,7.0,2 кімнати,З меблями,Житловий стан,Київ,Солом'янський (Київ),0,0
8500.0,3,5,67.0,15.0,2 кімнати,З меблями,Євроремонт,Інженерний,Невідомо,0,0
13000.0,5,24,50.0,12.0,1 кімната,З меблями,Авторський проект,Київ,Печерський (Київ),0,0
6500.0,9,9,62.0,9.0,3 кімнати,З меблями,Косметичний ремонт,Біла Церква,Невідомо,0,0
14999.0,3,12,37.0,13.0,1 кімната,З меблями,Авторський проект,Київ,Дарницький (Київ),0,0
10000.0,7,9,48.0,9.0,2 кімнати,З меблями,Авторський проект,Одеса,Хаджибейський (Одеса),0,0
28000.0,2,10,65.0,20.0,2 кімнати,З меблями,Авторський проект,Київ,Печерський (Київ),0,0
8000.0,3,5,50.0,7.0,2 кімнати,З меблями,Житловий стан,Інше,Невідомо,0,0
10999.0,2,5,52.0,8.0,2 кімнати,З меблями,Євроремонт,Дніпро,Невідомо,0,0
8500.0,2,5,40.0,10.0,1 кімната,З меблями,Житловий стан,Ірпінь,Невідомо,0,0
4000.0,8,16,50.0,9.0,2 кімнати,З меблями,Житловий стан,Харків,Немишлянський (Харків),0,0
15000.0,5,9,50.0,8.0,2 кімнати,З меблями,Євроремонт,Львів,Личаківський (Львів),0,0
11000.0,2,10,50.0,15.0,1 кімната,З меблями,Євроремонт,Буча,Невідомо,0,0
15000.0,13,17,41.0,14.0,1 кімната,Не вказано,Євроремонт,Київ,Подільський (Київ),1,0
3000.0,7,9,37.0,7.0,1 кімната,Не вказано,Не вказано,Чугуїв,Невідомо,0,0
11000.0,1,2,80.0,10.0,3 кімнати,З меблями,Євроремонт,Харків,Слобідський (Харків),0,0
3500.0,8,9,30.0,7.0,1 кімната,З меблями,Житловий стан,Миколаїв,Iнгульський (Миколаїв),0,0
6000.0,3,9,47.0,7.0,2 кімнати,З меблями,Авторський проект,Харків,Салтівський (Харків),1,0
12500.0,1,10,80.0,16.0,3 кімнати,З меблями,Не вказано,Одеса,Хаджибейський (Одеса),0,0
105505.0,4,30,94.0,20.0,3 кімнати,З меблями,Авторський проект,Київ,Печерський (Київ),0,1
12000.0,3,9,66.0,8.0,3 кімнати,З меблями,Косметичний ремонт,Інше,Невідомо,1,0
6000.0,9,10,50.0,15.0,1 кімната,З меблями,Євроремонт,Одеса,Пересипський (Одеса),0,0
40579.0,14,15,120.0,18.0,3 кімнати,З меблями,Євроремонт,Київ,Голосіївський (Київ),0,0
18260.0,7,7,70.0,15.0,2 кімнати,З меблями,Авторський проект,Чернівці,Невідомо,0,0
6000.0,3,9,36.0,8.0,1 кімната,З меблями,Косметичний ремонт,Слов'янськ,Невідомо,0,0
14000.0,8,9,48.0,8.0,2 кімнати,З меблями,Євроремонт,Рівне,Невідомо,0,0
32463.0,15,17,70.0,30.0,2 кімнати,Не вказано,Євроремонт,Одеса,Київський (Одеса),0,0
34492.0,7,7,150.0,20.0,4 кімнати,З меблями,Авторський проект,Харків,Шевченківський  (Харків),0,0
24307.0,4,9,35.0,15.0,1 кімната,З меблями,Авторський проект,Ужгород,Невідомо,0,0
16000.0,8,12,50.0,10.0,2 кімнати,З меблями,Євроремонт,Запоріжжя,Дніпровський (Запоріжжя),0,0
11700.0,10,16,70.0,10.0,3 кімнати,З меблями,Авторський проект,Харків,Холодногірський (Харків),0,0
10964.0,2,2,27.0,7.0,1 кімната,З меблями,Євроремонт,Чернівці,Невідомо,0,0
20289.0,6,10,50.0,17.0,1 кімната,З меблями,Євроремонт,Львів,Франківський (Львів),0,0
32463.0,4,5,72.0,12.0,3 кімнати,З меблями,Авторський проект,Миколаїв,Центральний (Миколаїв),0,0
17000.0,13,16,50.0,12.0,2 кімнати,З меблями,Євроремонт,Львів,Галицький (Львів),1,0
9500.0,1,5,55.0,8.0,2 кімнати,З меблями,Житловий стан,Луцьк,Невідомо,0,0
8000.0,1,1,56.0,6.0,2 кімнати,З меблями,Не вказано,Харків,Холодногірський (Харків),0,0
16231.0,5,5,60.0,25.0,2 кімнати,Не вказано,Авторський проект,Харків,Шевченківський  (Харків),0,0
15000.0,5,9,75.0,15.0,3 кімнати,З меблями,Євроремонт,Костянтинівка,Невідомо,0,0
10000.0,19,23,75.0,15.0,2 кімнати,З меблями,Євроремонт,Харків,Шевченківський  (Харків),0,0
20289.0,4,10,70.0,17.0,2 кімнати,З меблями,Авторський проект,Львів,Шевченківський (Львів),0,0
10000.0,2,2,80.0,25.0,4 кімнати,Не вказано,Не вказано,Харків,Основ'янський (Харків),0,0
50723.0,18,24,50.0,15.0,1 кімната,З меблями,Авторський проект,Київ,Печерський (Київ),1,1
12000.0,2,3,40.0,10.0,1 кімната,З меблями,Євроремонт,Мукачево,Невідомо,0,0
15500.0,13,16,77.0,9.0,3 кімнати,З меблями,Не вказано,Київ,Дарницький (Київ),0,0
11000.0,2,9,38.0,9.0,1 кімната,З меблями,Євроремонт,Дніпро,Соборний (Дніпро),0,0
11500.0,3,5,28.0,7.0,1 кімната,З меблями,Косметичний ремонт,Київ,Солом'янський (Київ),0,0
4500.0,2,5,33.0,8.0,1 кімната,З меблями,Не вказано,Інше,Невідомо,0,0
7800.0,2,5,44.0,7.0,2 кімнати,З меблями,Житловий стан,Кропивницький,Невідомо,0,0
9000.0,8,9,39.0,7.0,1 кімната,З меблями,Косметичний ремонт,Київ,Дніпровський (Київ),0,0
4000.0,7,9,34.0,8.0,1 кімната,Не вказано,Євроремонт,Харків,Салтівський (Харків),0,0
20289.0,9,20,73.0,20.0,2 кімнати,Не вказано,Не вказано,Одеса,Приморський (Одеса),0,0
8000.0,2,14,34.0,7.0,1 кімната,З меблями,Євроремонт,Дніпро,Невідомо,0,0
10000.0,4,17,30.0,10.0,1 кімната,Не вказано,Євроремонт,Буча,Невідомо,0,0
10000.0,6,9,52.0,9.0,2 кімнати,З меблями,Житловий стан,Львів,Франківський (Львів),0,0
4800.0,6,9,25.0,5.0,1 кімната,З меблями,Не вказано,Кропивницький,Фортечний (Кропивницький),0,0
12500.0,2,3,38.0,10.0,1 кімната,З меблями,Євроремонт,Дніпро,Невідомо,0,0
2500.0,7,9,39.0,8.0,1 кімната,Не вказано,Не вказано,Херсон,Невідомо,0,0
6500.0,2,5,52.0,6.0,3 кімнати,З меблями,Косметичний ремонт,Слов'янськ,Невідомо,0,0
7500.0,3,4,50.0,8.0,2 кімнати,З меблями,Косметичний ремонт,Одеса,Хаджибейський (Одеса),0,0
16231.0,7,14,70.0,15.0,2 кімнати,З меблями,Євроремонт,Львів,Галицький (Львів),1,1
10000.0,7,18,80.0,15.0,3 кімнати,З меблями,Євроремонт,Одеса,Приморський (Одеса),1,0
12500.0,5,5,42.0,6.0,2 кімнати,З меблями,Євроремонт,Ужгород,Невідомо,0,0
4000.0,1,9,28.0,6.0,1 кімната,З меблями,Житловий стан,Кропивницький,Фортечний (Кропивницький),0,0
9000.0,6,9,46.0,8.0,2 кімнати,З меблями,Євроремонт,Дніпро,Невідомо,1,0
4000.0,6,9,38.4,3.0,1 кімната,Не вказано,Не вказано,Інше,Невідомо,0,0
6000.0,9,9,36.0,8.0,1 кімната,З меблями,Житловий стан,Бровари,Невідомо,0,0
5500.0,1,9,48.0,9.0,2 кімнати,З меблями,Не вказано,Одеса,Хаджибейський (Одеса),0,0
7000.0,4,5,47.0,5.0,2 кімнати,З меблями,Косметичний ремонт,Костянтинівка,Невідомо,0,0
5000.0,1,5,32.0,8.0,1 кімната,З меблями,Житловий стан,Кам'янське,Невідомо,0,0
4000.0,1,5,46.0,6.0,2 кімнати,З меблями,Косметичний ремонт,Харків,Немишлянський (Харків),0,0
4000.0,1,9,20.0,12.0,3 кімнати,Не вказано,Не вказано,Київ,Дніпровський (Київ),0,0
5000.0,3,9,35.0,6.0,1 кімната,Не вказано,Не вказано,Харків,Салтівський (Харків),0,0
10000.0,5,5,65.0,7.0,4 кімнати,З меблями,Косметичний ремонт,Кропивницький,Фортечний (Кропивницький),0,0
4000.0,13,16,50.0,8.3,2 кімнати,З меблями,Косметичний ремонт,Харків,Шевченківський  (Харків),0,0
5000.0,7,9,50.0,7.0,2 кімнати,З меблями,Косметичний ремонт,Запоріжжя,Вознесенівський (Запоріжжя),0,0
12000.0,3,9,55.0,10.0,3 кімнати,З меблями,Косметичний ремонт,Дніпро,Індустріальний (Дніпро),0,0
8000.0,1,5,28.0,6.0,1 кімната,З меблями,Не вказано,Дніпро,Чечелівський (Дніпро),0,0
17000.0,4,5,56.0,18.0,2 кімнати,Не вказано,Не вказано,Запоріжжя,Вознесенівський (Запоріжжя),0,0
10145.0,6,10,57.0,25.0,1 кімната,З меблями,Євроремонт,Тернопіль,Невідомо,0,0
14203.0,10,15,50.0,15.0,2 кімнати,З меблями,Євроремонт,Одеса,Приморський (Одеса),1,1
28405.0,3,9,115.0,15.0,3 кімнати,З меблями,Авторський проект,Луцьк,Невідомо,0,0
10000.0,8,9,64.0,9.0,2 кімнати,З меблями,Косметичний ремонт,Умань,Невідомо,0,0
8000.0,9,9,68.0,9.0,3 кімнати,З меблями,Житловий стан,Житомир,Невідомо,0,0
11000.0,2,25,45.0,25.0,2 кімнати,З меблями,Євроремонт,Одеса,Приморський (Одеса),1,0
9500.0,7,9,48.0,7.0,2 кімнати,З меблями,Житловий стан,Київ,Дніпровський (Київ),0,0
7500.0,6,9,64.0,9.0,3 кімнати,Не вказано,Житловий стан,Краматорськ,Невідомо,0,0
13000.0,4,25,44.0,10.0,1 кімната,З меблями,Євроремонт,Київ,Дарницький (Київ),0,0
5000.0,1,9,70.0,7.0,2 кімнати,Не вказано,Не вказано,Миколаїв,Заводський (Миколаїв),0,0
9000.0,9,9,67.0,8.0,3 кімнати,Не вказано,Не вказано,Дніпро,Шевченківський (Дніпро),0,0
20289.0,8,10,40.0,15.0,1 кімната,З меблями,Не вказано,Інше,Невідомо,0,0
8500.0,12,16,40.0,12.0,1 кімната,Не вказано,Не вказано,Харків,Основ'янський (Харків),1,0
3500.0,2,9,34.0,7.0,1 кімната,Не вказано,Не вказано,Одеса,Пересипський (Одеса),0,0
7000.0,4,5,96.0,9.0,4 кімнати,Не вказано,Не вказано,Кривий Ріг,Невідомо,0,0
11000.0,2,9,65.0,7.0,2 кімнати,З меблями,Житловий стан,Новомосковськ,Невідомо,0,0
15500.0,7,20,50.0,15.0,2 кімнати,З меблями,Авторський проект,Харків,Шевченківський  (Харків),0,0
12000.0,15,16,78.0,10.0,2 кімнати,З меблями,Не вказано,Київ,Невідомо,1,0
17000.0,2,10,63.0,15.0,2 кімнати,З меблями,Євроремонт,Вінниця,Невідомо,0,0
12000.0,2,6,38.0,8.0,1 кімната,З меблями,Євроремонт,Кропивницький,Невідомо,0,0
55593.0,4,14,150.0,30.0,3 кімнати,З меблями,Авторський проект,Київ,Печерський (Київ),1,1
12500.0,6,9,53.0,9.0,2 кімнати,З меблями,Євроремонт,Дніпро,Індустріальний (Дніпро),0,0
56810.0,11,21,190.0,50.0,4 кімнати,З меблями,Євроремонт,Одеса,Приморський (Одеса),1,1
60868.0,16,20,140.0,50.0,3 кімнати,З меблями,Не вказано,Одеса,Приморський (Одеса),1,1
27000.0,2,5,57.0,7.0,2 кімнати,З меблями,Авторський проект,Дніпро,Центральний (Дніпро),0,0
2499.0,12,14,57.0,9.0,2 кімнати,Не вказано,Житловий стан,Краматорськ,Невідомо,0,0
18260.0,6,10,43.0,15.0,1 кімната,Не вказано,Не вказано,Івано-Франківськ,Невідомо,0,0
22000.0,3,12,40.0,10.0,1 кімната,Не вказано,Не вказано,Київ,Солом'янський (Київ),0,0
36521.0,24,26,45.5,15.0,1 кімната,Не вказано,Не вказано,Київ,Голосіївський (Київ),0,0
8000.0,2,7,60.0,5.0,2 кімнати,З меблями,Євроремонт,Інше,Невідомо,0,0
7500.0,5,5,32.0,6.0,1 кімната,З меблями,Житловий стан,Івано-Франківськ,Невідомо,0,0
10000.0,12,24,50.0,9.0,2 кімнати,З меблями,Євроремонт,Київ,Дарницький (Київ),1,0
8000.0,1,9,49.0,14.0,1 кімната,З меблями,Євроремонт,Хмельницький,Невідомо,0,0
5000.0,1,2,18.0,3.0,1 кімната,Не вказано,Євроремонт,Тернопіль,Невідомо,0,1
14000.0,8,9,41.0,15.0,1 кімната,Не вказано,Не вказано,Софіївська Борщагівка,Невідомо,0,0
10000.0,6,9,72.0,12.0,2 кімнати,Не вказано,Житловий стан,Інше,Невідомо,0,0
19000.0,5,24,45.0,16.0,1 кімната,З меблями,Євроремонт,Київ,Голосіївський (Київ),0,0
18500.0,9,9,73.0,12.0,4 кімнати,Не вказано,Євроремонт,Дніпро,Індустріальний (Дніпро),0,0
16000.0,3,9,70.0,10.0,2 кімнати,З меблями,Авторський проект,Харків,Салтівський (Харків),1,0
6900.0,3,3,60.0,20.0,2 кімнати,З меблями,Авторський проект,Одеса,Приморський (Одеса),0,0
14000.0,1,10,72.0,17.0,2 кімнати,З меблями,Євроремонт,Івано-Франківськ,Невідомо,0,0
10000.0,2,3,40.0,12.0,2 кімнати,З меблями,Євроремонт,Дніпро,Невідомо,0,0
7500.0,9,9,54.0,9.0,2 кімнати,З меблями,Житловий стан,Вінниця,Невідомо,0,0
10000.0,7,9,45.0,19.0,1 кімната,З меблями,Євроремонт,Інше,Невідомо,1,0
6000.0,9,9,40.0,8.0,1 кімната,З меблями,Косметичний ремонт,Одеса,Хаджибейський (Одеса),0,0
18000.0,6,9,50.0,6.0,2 кімнати,Не вказано,Не вказано,Інше,Невідомо,0,0
25000.0,13,24,100.0,13.8,3 кімнати,З меблями,Євроремонт,Київ,Солом'янський (Київ),0,0
5000.0,4,5,44.0,6.0,2 кімнати,З меблями,Косметичний ремонт,Харків,Салтівський (Харків),0,0
8000.0,4,9,36.0,7.0,1 кімната,Не вказано,Косметичний ремонт,Київ,Дніпровський (Київ),0,0
26376.0,15,16,80.0,20.0,2 кімнати,З меблями,Євроремонт,Львів,Франківський (Львів),0,0
33000.0,7,9,86.0,16.0,3 кімнати,З меблями,Авторський проект,Київ,Голосіївський (Київ),0,0
12000.0,4,5,42.0,9.0,1 кімната,З меблями,Авторський проект,Інше,Невідомо,0,0
10000.0,2,5,44.0,6.0,2 кімнати,Не вказано,Косметичний ремонт,Рівне,Невідомо,0,0
12000.0,4,5,70.0,6.0,3 кімнати,З меблями,Житловий стан,Ірпінь,Невідомо,0,0
7000.0,3,16,34.0,8.0,1 кімната,З меблями,Не вказано,Київ,Дніпровський (Київ),0,0
19000.0,17,24,70.0,25.0,2 кімнати,З меблями,Євроремонт,Київ,Голосіївський (Київ),0,0
8000.0,5,5,45.0,9.0,2 кімнати,З меблями,Косметичний ремонт,Хмельницький,Невідомо,0,0
8000.0,9,10,68.0,11.0,3 кімнати,З меблями,Житловий стан,Одеса,Київський (Одеса),0,0
12500.0,6,9,60.0,9.0,3 кімнати,З меблями,Євроремонт,Хмельницький,Невідомо,0,0
10000.0,7,10,70.0,11.0,3 кімнати,З меблями,Косметичний ремонт,Дніпро,Невідомо,0,0
2500.0,2,2,30.0,7.0,1 кімната,З меблями,Житловий стан,Миколаїв,Заводський (Миколаїв),0,0
10000.0,15,16,36.0,9.0,1 кімната,З меблями,Не вказано,Київ,Оболонський (Київ),0,0
24347.0,5,10,71.0,14.0,2 кімнати,З меблями,Не вказано,Луцьк,Невідомо,0,0
34492.0,13,18,90.0,27.0,3 кімнати,З меблями,Авторський проект,Харків,Шевченківський  (Харків),0,0
23000.0,7,15,60.0,15.0,2 кімнати,З меблями,Євроремонт,Харків,Шевченківський  (Харків),0,0
10000.0,4,4,15.0,4.0,1 кімната,З меблями,Авторський проект,Львів,Галицький (Львів),0,0
12000.0,2,10,68.0,10.0,3 кімнати,З меблями,Авторський проект,Харків,Невідомо,0,0
2200.0,5,9,33.0,7.0,1 кімната,Не вказано,Житловий стан,Харків,Салтівський (Харків),1,0
40579.0,3,13,124.0,18.0,4 кімнати,З меблями,Авторський проект,Київ,Печерський (Київ),0,0
18500.0,10,16,38.0,12.0,1 кімната,З меблями,Авторський проект,Київ,Святошинський (Київ),0,0
20000.0,3,7,60.0,9.0,2 кімнати,З меблями,Житловий стан,Київ,Печерський (Київ),1,0
10000.0,5,9,63.0,9.0,3 кімнати,З меблями,Житловий стан,Кам'янське,Невідомо,0,0
11000.0,5,9,47.0,7.0,2 кімнати,З меблями,Євроремонт,Миколаїв,Iнгульський (Миколаїв),0,0
58839.0,23,26,205.0,30.0,5+ кімнат,З меблями,Євроремонт,Київ,Дніпровський (Київ),0,0
32463.0,1,6,68.0,10.0,2 кімнати,Не вказано,Авторський проект,Одеса,Приморський (Одеса),1,1
4000.0,2,2,15.0,2.5,1 кімната,З меблями,Євроремонт,Одеса,Хаджибейський (Одеса),0,0
15000.0,4,9,64.0,9.0,3 кімнати,З меблями,Євроремонт,Вінниця,Ленінський (Вінниця),0,0
4500.0,2,9,28.0,5.0,1 кімната,З меблями,Не вказано,Миколаїв,Центральний (Миколаїв),0,0
7000.0,3,5,47.0,7.0,2 кімнати,З меблями,Євроремонт,Запоріжжя,Вознесенівський (Запоріжжя),0,0
10000.0,10,16,35.0,10.0,1 кімната,Не вказано,Не вказано,Київ,Солом'янський (Київ),0,0
2900.0,12,16,20.0,5.0,1 кімната,З меблями,Євроремонт,Харків,Салтівський (Харків),0,0
10956.0,4,5,62.0,6.0,3 кімнати,З меблями,Не вказано,Чернівці,Невідомо,0,0
6500.0,21,22,35.0,10.0,1 кімната,З меблями,Євроремонт,Одеса,Хаджибейський (Одеса),1,1
16000.0,2,5,37.0,8.0,1 кімната,З меблями,Косметичний ремонт,Київ,Печерський (Київ),0,0
6000.0,12,24,44.0,20.0,1 кімната,З меблями,Євроремонт,Інше,Невідомо,1,1
6000.0,7,12,64.7,6.7,3 кімнати,З меблями,Житловий стан,Харків,Шевченківський  (Харків),0,0
4000.0,7,9,20.0,10.0,1 кімната,Не вказано,Косметичний ремонт,Одеса,Хаджибейський (Одеса),1,0
5000.0,6,9,35.0,10.0,1 кімната,З меблями,Косметичний ремонт,Одеса,Київський (Одеса),1,0
2500.0,4,5,35.0,4.0,2 кімнати,Не вказано,Не вказано,Чугуїв,Невідомо,0,0
9999.0,9,9,40.0,1.0,1 кімната,З меблями,Євроремонт,Кам'янець-Подільський,Невідомо,0,0
18000.0,8,9,50.0,20.0,1 кімната,З меблями,Євроремонт,Київ,Голосіївський (Київ),0,0
2200.0,6,9,35.0,6.0,1 кімната,З меблями,Не вказано,Краматорськ,Невідомо,0,0
15420.0,3,8,36.0,10.0,1 кімната,З меблями,Авторський проект,Львів,Сихівський (Львів),0,0
5500.0,1,9,42.0,10.0,1 кімната,З меблями,Житловий стан,Хмельницький,Невідомо,0,0
12000.0,1,2,65.0,35.0,2 кімнати,З меблями,Авторський проект,Інше,Невідомо,0,0
12000.0,2,5,56.0,6.0,3 кімнати,З меблями,Не вказано,Новомосковськ,Невідомо,0,0
16000.0,2,5,54.0,9.0,2 кімнати,Не вказано,Не вказано,Запоріжжя,Вознесенівський (Запоріжжя),0,0
6000.0,4,5,33.0,7.0,1 кімната,Не вказано,Не вказано,Харків,Шевченківський  (Харків),0,0
14000.0,3,9,40.0,13.0,1 кімната,З меблями,Євроремонт,Рівне,Невідомо,0,0
5000.0,2,9,50.0,8.0,2 кімнати,Не вказано,Не вказано,Одеса,Київський (Одеса),0,0
5000.0,3,5,35.0,7.0,1 кімната,З меблями,Косметичний ремонт,Харків,Київський (Харків),0,0
7500.0,6,10,58.0,14.0,2 кімнати,З меблями,Євроремонт,Інше,Невідомо,0,0
9000.0,10,14,40.0,10.0,1 кімната,Не вказано,Житловий стан,Львів,Сихівський (Львів),0,0
14500.0,4,6,72.0,12.0,3 кімнати,З меблями,Не вказано,Інше,Невідомо,0,0
27000.0,23,25,40.0,10.0,1 кімната,З меблями,Авторський проект,Київ,Печерський (Київ),1,1
17000.0,5,12,42.0,9.0,1 кімната,З меблями,Авторський проект,Житомир,Невідомо,0,0
3000.0,8,9,31.0,7.0,1 кімната,З меблями,Косметичний ремонт,Харків,Шевченківський  (Харків),1,0
10000.0,8,12,40.0,10.0,1 кімната,Не вказано,Не вказано,Софіївська Борщагівка,Невідомо,0,0
11000.0,13,23,25.0,5.0,1 кімната,З меблями,Авторський проект,Київ,Солом'янський (Київ),0,0
5700.0,2,2,35.0,8.0,1 кімната,З меблями,Житловий стан,Запоріжжя,Вознесенівський (Запоріжжя),0,0
3499.0,9,9,42.0,7.0,1 кімната,З меблями,Житловий стан,Харків,Київський (Харків),1,0
10500.0,12,16,55.0,20.0,2 кімнати,З меблями,Євроремонт,Одеса,Приморський (Одеса),1,0
10000.0,8,16,55.0,15.0,1 кімната,З меблями,Євроремонт,Харків,Шевченківський  (Харків),0,0
18900.0,3,4,55.0,9.0,2 кімнати,З меблями,Євроремонт,Полтава,Невідомо,0,0
2500.0,4,5,44.0,6.0,2 кімнати,З меблями,Житловий стан,Харків,Шевченківський  (Харків),0,0
17449.0,1,4,40.0,11.0,1 кімната,З меблями,Євроремонт,Львів,Галицький (Львів),0,0
101447.0,4,6,160.0,20.0,3 кімнати,Не вказано,Не вказано,Київ,Шевченківський (Київ),0,0
24347.0,4,9,65.0,9.0,3 кімнати,З меблями,Євроремонт,Чернівці,Невідомо,0,0
22800.0,3,3,80.0,12.0,2 кімнати,З меблями,Євроремонт,Львів,Галицький (Львів),0,0
